term,estimate,std.error,statistic,p.value,conf.low,conf.high,spec,time_bin
time_bin_lump::-19:high_crime_shoot,-1.3754480286704633,0.17262160083429914,-7.967994862883741,1.0048582827047514e-12,-1.7171980186278755,-1.0336980387130512,Raw,-19
time_bin_lump::-18:high_crime_shoot,-1.1016129032224615,0.14362024304596496,-7.670317775955132,4.831596912544618e-12,-1.3859470559670768,-0.8172787504778463,Raw,-18
time_bin_lump::-17:high_crime_shoot,-0.8428315412153204,0.1408120881078532,-5.985505595015142,2.2631998426969936e-8,-1.1216062105739615,-0.5640568718566794,Raw,-17
time_bin_lump::-16:high_crime_shoot,-1.138530465946472,0.15754606940241236,-7.226651037788687,4.8399195769015536e-11,-1.4504344650745238,-0.82662646681842,Raw,-16
time_bin_lump::-15:high_crime_shoot,-1.3270609318962745,0.17564408470107534,-7.555397804342624,8.814891107837183e-12,-1.6747947258858873,-0.9793271379066617,Raw,-15
time_bin_lump::-14:high_crime_shoot,-0.9718637992798229,0.13721157378161403,-7.0829578911954,1.0102080770057189e-10,-1.2435103008489943,-0.7002172977106516,Raw,-14
time_bin_lump::-13:high_crime_shoot,-0.7999999999966878,0.12630934812881459,-6.333656311651775,4.248592311074423e-9,-1.0500626702877902,-0.5499373297055853,Raw,-13
time_bin_lump::-12:high_crime_shoot,-1.2795698924697587,0.15673054437428496,-8.164138634100858,3.537602778552476e-13,-1.589859344699708,-0.9692804402398095,Raw,-12
time_bin_lump::-11:high_crime_shoot,-1.2137992831507711,0.17473638818923293,-6.946459725585447,2.0217297585787124e-10,-1.5597360524788857,-0.8678625138226566,Raw,-11
time_bin_lump::-10:high_crime_shoot,-0.22544802867058578,0.12583968558537795,-1.7915495228858225,0.0757047211939012,-0.4745808780775863,0.023684820736414786,Raw,-10
time_bin_lump::-9:high_crime_shoot,1.2422939068131191,0.28198151566519586,4.40558631611913,2.29431781183563e-5,0.6840371204028242,1.800550693223414,Raw,-9
time_bin_lump::-8:high_crime_shoot,-0.23172043010427856,0.12968348807955027,-1.7868152186200985,0.07647126986234035,-0.4884631003994692,0.025022240190912093,Raw,-8
time_bin_lump::-7:high_crime_shoot,-0.7896057347637151,0.13792777193023809,-5.724776988082477,7.680645099493014e-8,-1.0626701394743057,-0.5165413300531245,Raw,-7
time_bin_lump::-6:high_crime_shoot,0.4193548387128492,0.17511017115372968,2.394805715452682,0.01816350076798266,0.072678067416582115,0.7660316100091162,Raw,-6
time_bin_lump::-5:high_crime_shoot,0.32885304659816184,0.1844838157506034,1.7825577016616225,0.0771660817580127,-0.036381326593600105,0.6940874197899238,Raw,-5
time_bin_lump::-4:high_crime_shoot,-0.23691756272077247,0.12382351173883885,-1.9133487606171664,0.058066040879769236,-0.48205886420748384,0.008223738765938904,Raw,-4
time_bin_lump::-3:high_crime_shoot,-0.6781362007135499,0.15613466407298518,-4.343277674690836,2.9355347072701067e-5,-0.9872459507161949,-0.3690264507109048,Raw,-3
time_bin_lump::-2:high_crime_shoot,-0.30071684587488345,0.15147574413858292,-1.9852475231926376,0.049378716858498824,-0.600603035018985,-8.306567307818646e-4,Raw,-2
time_bin_lump::0:high_crime_shoot,-0.8277777777744662,0.14254823634509742,-5.807001187797828,5.240152561937706e-8,-1.1099896104995408,-0.5455659450493915,Raw,0
time_bin_lump::1:high_crime_shoot,-0.9727598566274966,0.14236564011469166,-6.832827470475519,3.587554479630094e-10,-1.254610191952444,-0.6909095213025493,Raw,1
time_bin_lump::2:high_crime_shoot,-0.7575268817171243,0.15498504169322067,-4.8877418971605175,3.165122885706401e-6,-1.0643606509917465,-0.45069311244250226,Raw,2
time_bin_lump::3:high_crime_shoot,-0.6551971326131898,0.17253838391626156,-3.797399267001238,2.30072372259799e-4,-0.9967823727318437,-0.3136118924945359,Raw,3
time_bin_lump::4:high_crime_shoot,-1.0322580645127981,0.1354207818621934,-7.6225971399518455,6.204074355790103e-12,-1.300359221133713,-0.7641569078918833,Raw,4
time_bin_lump::5:high_crime_shoot,-1.1331541218604557,0.13431285635190737,-8.436676522547678,8.204055008011858e-14,-1.399061847704551,-0.8672463960163603,Raw,5
time_bin_lump::6:high_crime_shoot,-0.8172043010719587,0.12478890028506026,-6.548693827777842,1.4795878909874718e-9,-1.064256843819217,-0.5701517583247004,Raw,6
time_bin_lump::7:high_crime_shoot,-0.7899641577027858,0.18225628429588828,-4.334358953682496,3.0403761273554832e-5,-1.1507885448406618,-0.42913977056490976,Raw,7
time_bin_lump::8:high_crime_shoot,-1.0318996415737318,0.15637669415100666,-6.598807112377424,1.1545618789907254e-9,-1.3414885539542802,-0.7223107291931834,Raw,8
time_bin_lump::9:high_crime_shoot,-1.211514336914451,0.15149312394632355,-7.9971572659872665,8.60769231313285e-13,-1.511434933972117,-0.9115937398567852,Raw,9
time_bin_lump::-19:high_crime_shoot,0.0015550625565108334,0.1726216008342989,0.009008505013248907,0.9928271859693014,-0.3401949274009008,0.34330505251392246,Group-Detrended,-19
time_bin_lump::-18:high_crime_shoot,0.19968155791260767,0.14362024304596507,1.3903441024584564,0.16697653455071673,-0.08465259483200777,0.4840157106572231,Group-Detrended,-18
time_bin_lump::-17:high_crime_shoot,0.381636819272984,0.1408120881078532,2.7102560895246026,0.007700235302469854,0.10286214991434295,0.660411488631625,Group-Detrended,-17
time_bin_lump::-16:high_crime_shoot,0.009111793895074882,0.15754606940241225,0.05783574245702742,0.953974870102052,-0.30279220523297684,0.3210157930231266,Group-Detrended,-16
time_bin_lump::-15:high_crime_shoot,-0.2559654050627733,0.1756440847010751,-1.457295903237478,0.14762509305721608,-0.6036991990523856,0.09176838892683892,Group-Detrended,-15
time_bin_lump::-14:high_crime_shoot,0.023523097461777276,0.13721157378161378,0.17143668579457216,0.8641667847598427,-0.24812340410739353,0.2951695990309481,Group-Detrended,-14
time_bin_lump::-13:high_crime_shoot,0.11856079609814962,0.12630934812881456,0.9386541681557671,0.349778253093908,-0.13150187419295284,0.3686234663892521,Group-Detrended,-13
time_bin_lump::-12:high_crime_shoot,-0.4378351970216787,0.15673054437428485,-2.793553731148243,0.006062660586738178,-0.7481246492516277,-0.12754574479172975,Group-Detrended,-12
time_bin_lump::-11:high_crime_shoot,-0.4488906883494588,0.1747363881892328,-2.568959407947287,0.011415354498580875,-0.7948274576775731,-0.10295391902134449,Group-Detrended,-11
time_bin_lump::-10:high_crime_shoot,0.4631932007613946,0.1258396855853779,3.680819755760864,3.485349825069347e-4,0.21406035135439413,0.712326050168395,Group-Detrended,-10
time_bin_lump::-9:high_crime_shoot,1.8541090355983592,0.2819815156651962,6.575285728302099,1.2972480493932602e-9,1.2958522491880635,2.412365822008655,Group-Detrended,-9
time_bin_lump::-8:high_crime_shoot,0.30326859803417516,0.12968348807955027,2.3385290026139995,0.021000358286770816,0.04652592773898451,0.5600112683293659,Group-Detrended,-8
time_bin_lump::-7:high_crime_shoot,-0.33116343963330674,0.13792777193023806,-2.4009917292132044,0.01787339567431955,-0.6042278443438973,-0.058099034922716175,Group-Detrended,-7
time_bin_lump::-6:high_crime_shoot,0.802088503751369,0.17511017115372968,4.580479240393257,1.1351534756055464e-5,0.4554117324551019,1.148765275047636,Group-Detrended,-6
time_bin_lump::-5:high_crime_shoot,0.63476061098992,0.18448381575060346,3.440738735846771,7.968632545122817e-4,0.26952623779815793,0.999994984181682,Group-Detrended,-5
time_bin_lump::-4:high_crime_shoot,-0.00783609897578419,0.12382351173883892,-0.06328441881305723,0.9496444475138688,-0.2529774004624957,0.23730520251092732,Group-Detrended,-4
time_bin_lump::-3:high_crime_shoot,-0.525601469976622,0.15613466407298518,-3.3663342672638636,0.001021502178183317,-0.8347112199792671,-0.21649171997397698,Group-Detrended,-3
time_bin_lump::-2:high_crime_shoot,-0.22389074522985908,0.15147574413858286,-1.4780633460696178,0.14198917577685494,-0.5237769343739606,0.0759954439142424,Group-Detrended,-2
time_bin_lump::0:high_crime_shoot,-0.9046038784229697,0.1425482363450974,-6.3459492843741625,4.0016838480739945e-9,-1.1868157111480444,-0.6223920456978951,Group-Detrended,0
time_bin_lump::1:high_crime_shoot,-1.1261326902840407,0.1423656401146916,-7.910143833700419,1.3653442872049556e-12,-1.407983025608988,-0.8442823549590935,Group-Detrended,1
time_bin_lump::2:high_crime_shoot,-0.986608345465573,0.15498504169322064,-6.365829467713911,3.6319782307395907e-9,-1.2934421147401949,-0.6797745761909509,Group-Detrended,2
time_bin_lump::3:high_crime_shoot,-0.9611046970084072,0.17253838391626153,-5.570381935852966,1.5625528829031666e-7,-1.302689937127061,-0.6195194568897533,Group-Detrended,3
time_bin_lump::4:high_crime_shoot,-1.4149917295547718,0.1354207818621933,-10.4488521635822,1.322450915023649e-18,-1.6830928861756864,-1.1468905729338572,Group-Detrended,4
time_bin_lump::5:high_crime_shoot,-1.5927138875491949,0.13431285635190723,-11.858238524659136,5.3841552278572335e-22,-1.8586216133932898,-1.3268061617051,Group-Detrended,5
time_bin_lump::6:high_crime_shoot,-1.3530314321300283,0.1247889002850602,-10.842562351613367,1.491030708939837e-19,-1.6000839748772864,-1.1059788893827702,Group-Detrended,6
time_bin_lump::7:high_crime_shoot,-1.402617389407622,0.18225628429588817,-7.695851996688961,4.2257224713869265e-12,-1.7634417765454977,-1.0417930022697461,Group-Detrended,7
time_bin_lump::8:high_crime_shoot,-1.7213789739253258,0.15637669415100672,-11.007899759430002,5.96165471856874e-20,-2.0309678863058744,-1.4117900615447774,Group-Detrended,8
time_bin_lump::9:high_crime_shoot,-2.091941450328253,0.15149312394632344,-13.808821125567805,1.267544978633428e-26,-2.391862047385919,-1.7920208532705875,Group-Detrended,9
