city,att_avg,pre_rmspe,post_mspe,mspe_ratio
Albuquerque,7.268073433069799,9.178031367518093,113.40014610201399,1.3462153518442785
Anaheim,-0.5786016095346613,9.636283099730477,52.177843506052454,0.5619103414894344
Anchorage,-3.996116880791876,13.03098669725252,91.79691512334732,0.5405968165587529
Arlington,-0.1797769146927437,10.80048022268892,64.61793317485655,0.5539453624577266
Aurora,9.079936795733209,13.424765340448529,189.5581213270493,1.0517898841326063
Austin,1.107083140108737,7.0692270845849325,54.94001238355647,1.0993725464231001
Bakersfield,-10.553798634139433,11.602726070160543,152.5260413950684,1.13298437554768
Baltimore,-39.1304651858621,35.95267996620856,2200.3777858646154,1.7022945709473645
Baton Rouge,17.16850415476702,36.53155566817416,1422.1431342290034,1.0656313180050798
Birmingham,19.79813905465822,37.551147300919375,2618.698064748773,1.8571158908792726
Boston,-7.0891621138031935,13.26624914179839,128.9938159875975,0.7329470349091546
Buffalo,-34.9642279102974,30.747997171548626,1671.710533796284,1.7681838280277915
Chandler,0.8283538060425985,9.526416401920116,40.81465804548994,0.4497353661464954
Charlotte,12.596525686735104,12.151483513234163,368.6658474927553,2.496745657917325
Chula Vista,-0.09384164507054822,5.2339787832969495,35.225293236962386,1.2858511614178485
Cleveland,37.29282186152727,38.56879899050209,4259.358173968843,2.863333478216162
Colorado Springs,0.9421043468844337,10.127302524918873,153.30239546728765,1.4947252605551113
Columbus,3.469581957914004,15.462529948020466,196.2049449333746,0.8206327428031873
Corpus Christi,-0.6472558886523956,12.233456883278134,150.0931103314749,1.002910934043356
Dallas,6.08439713208861,7.101688624059376,109.50345339359846,2.1712236579896516
Denver,3.4532905416501944,9.761267672539734,99.94494897115534,1.0489345882399892
Detroit,-8.76103496925289,61.50741886027981,1003.1361092634772,0.2651580759259905
Durham,-4.308402228622328,22.2456522170451,368.2235433432747,0.7440828010520525
El Paso,3.010949810243892,11.39479107750487,57.1313739626744,0.4400093801819736
Fort Worth,4.139609525885095,8.100134995169801,84.96398450714166,1.29494212081166
Fremont,1.0301729282719032,9.750214776664219,59.71084821600177,0.6280943341161175
Fresno,-12.455374758843321,12.109666799712995,220.86884251038782,1.5061563877525779
Garland,0.7937901074700862,10.72341641224842,90.3167800725853,0.7854202680929067
Glendale,5.156612996820695,13.734219107961485,152.51390732283764,0.808539989313217
Greensboro,-8.787747446168074,19.524794029196233,330.12193077241255,0.8659672230808383
Henderson,0.3119692619104658,10.389463123740065,59.04588773042317,0.5470203014962216
Hialeah,0.27823919188958685,10.803462883820153,69.7674596882038,0.5977601258965151
Irvine,0.5473030119263493,9.406031119250473,44.82507194289428,0.5066501467369688
Irving,1.0096573889607914,4.992465536469763,27.97590623095661,1.1224164227797977
Jacksonville,-9.524643697865292,10.564444267612204,215.9852560212853,1.935222001501578
Kansas City,-4.564128741003581,18.52312097516678,280.01872525505524,0.8161288830698962
Laredo,6.384757407237782,11.033074408478168,215.67366921960163,1.7717564918296393
Las Vegas,-3.4059754004290883,11.488985093337687,90.38394914957011,0.6847435990017955
Lincoln,-1.434369076520407,6.372040398127618,37.5598627947134,0.925053724538355
Los Angeles,10.062897262822352,4.003769275297083,147.16990335317178,9.180808310353193
Lubbock,-0.3399713513467317,14.77891361539261,183.54228157193393,0.8403323925412133
Madison,2.240054823922866,8.232333645344095,167.32952058853962,2.4690315517340022
Memphis,46.63135922058803,22.410195655912624,3477.8275051162914,6.924951584586327
Mesa,1.923332349294019,5.416703441882567,35.92172154846412,1.2242976723301515
Miami,-4.450685819663526,16.4579830561064,122.74127268102866,0.4531452170212481
Milwaukee,36.45131958215654,52.246249630278065,3729.284863262209,1.3662032564206303
Minneapolis,6.26446835142645,24.896353040375008,1527.0798317597357,2.4637139001542097
Nashville-Davidson,-0.5999653327467656,11.216275279979145,90.82103060552647,0.721920054824533
New York,-0.30192040509852425,4.729606791676755,23.73025277939608,1.0608458759305024
Norfolk,-25.3292528130681,28.57562758747682,1018.0775379836397,1.2467784900987466
North Las Vegas,2.0001806869292276,11.068924798887544,144.9084011112691,1.1827220421752573
Omaha,-8.24753347516686,15.674318881445036,199.93781578380643,0.813799816459335
Orlando,-17.495864655819815,47.88824627024339,529.4821715849505,0.23088380740293535
Philadelphia,-5.017178331139283,40.93658801898155,657.6632645790636,0.3924463546615859
Phoenix,6.491630269001559,7.458980979894704,102.44335803775886,1.8413010742214246
Pittsburgh,-10.58698066073998,22.6653277741041,677.337102474062,1.3185021965333876
Plano,0.9840424396455314,10.755013581621112,45.26562757668922,0.3913331327826149
Raleigh,7.181145474849065,7.7012411030708625,137.31139191054658,2.315181958189284
Reno,0.5538484382100132,13.293473951505906,128.2366238235883,0.7256631968430065
Riverside,-1.7142301379648957,10.087145216900112,77.63232641324014,0.7629675280310529
Rochester,13.806000629255976,57.48171012877081,2343.8215615385707,0.7093575322209442
Sacramento,1.16021294737925,10.013667063963252,67.95919201187915,0.6777381161442639
San Antonio,5.2137634571038864,8.133731405531265,71.43950388113403,1.0798384218208277
San Bernardino,-22.21972753007359,28.082940399951845,578.6335312359851,0.7336998671556741
San Diego,-0.6986446517524821,8.24614218243602,33.35394989227622,0.49050747989418086
Santa Ana,-4.377606959920857,14.545356470829164,88.49619772134811,0.41828845025221345
Scottsdale,1.0811912774861718,9.557332838449792,59.406131006403925,0.6503660270475239
St. Louis,-74.25816179584831,71.96195315027492,7123.935651835081,1.3756694839207768
St. Paul,4.466400752691923,17.056553632144002,161.4754018679099,0.5550393906512561
St. Petersburg,-1.9094547824807233,9.815294838280206,100.44248165907845,1.0425832297409743
Tucson,7.664380267042311,7.000454908096863,186.5287348741188,3.806214151011346
Tulsa,-11.62470576924334,16.59137063390401,349.135234398276,1.2683209010387373
Urban Honolulu CDP,2.2777347933977206,4.903151292136899,33.738626867362676,1.4033849507054972
Virginia Beach,-2.3908393313612173,11.889905779991865,75.02173480315899,0.5306770134119964
Wichita,1.6461617661670833,13.547603897335694,224.1968916392358,1.2215313190593409
Winston-Salem,2.2810680559801293,17.395192322152326,806.2483350606553,2.664467095967297
