vsl_mult,injury_mult,robbery_mult,shooting_mult,crime_reduction,crash_cost,benefit,net,ratio
0.7,0.5,0.7,0.7,none,122525685.51980199,0,-122525685.51980199,0
0.7,0.5,0.7,0.7,its_estimate,122525685.51980199,1045993421.0526314,923467735.5328294,8.536931800178202
0.7,0.5,0.7,0.7,generous,122525685.51980199,2091986842.1052628,1969461156.5854607,17.073863600356404
0.7,0.5,0.7,1,none,122525685.51980199,0,-122525685.51980199,0
0.7,0.5,0.7,1,its_estimate,122525685.51980199,1045993421.0526314,923467735.5328294,8.536931800178202
0.7,0.5,0.7,1,generous,122525685.51980199,2091986842.1052628,1969461156.5854607,17.073863600356404
0.7,0.5,0.7,1.3,none,122525685.51980199,0,-122525685.51980199,0
0.7,0.5,0.7,1.3,its_estimate,122525685.51980199,1045993421.0526314,923467735.5328294,8.536931800178202
0.7,0.5,0.7,1.3,generous,122525685.51980199,2091986842.1052628,1969461156.5854607,17.073863600356404
0.7,0.5,1,0.7,none,122525685.51980199,0,-122525685.51980199,0
0.7,0.5,1,0.7,its_estimate,122525685.51980199,1494276315.7894735,1371750630.2696714,12.195616857397432
0.7,0.5,1,0.7,generous,122525685.51980199,2988552631.578947,2866026946.059145,24.391233714794865
0.7,0.5,1,1,none,122525685.51980199,0,-122525685.51980199,0
0.7,0.5,1,1,its_estimate,122525685.51980199,1494276315.7894735,1371750630.2696714,12.195616857397432
0.7,0.5,1,1,generous,122525685.51980199,2988552631.578947,2866026946.059145,24.391233714794865
0.7,0.5,1,1.3,none,122525685.51980199,0,-122525685.51980199,0
0.7,0.5,1,1.3,its_estimate,122525685.51980199,1494276315.7894735,1371750630.2696714,12.195616857397432
0.7,0.5,1,1.3,generous,122525685.51980199,2988552631.578947,2866026946.059145,24.391233714794865
0.7,0.5,1.3,0.7,none,122525685.51980199,0,-122525685.51980199,0
0.7,0.5,1.3,0.7,its_estimate,122525685.51980199,1942559210.5263157,1820033525.0065136,15.854301914616663
0.7,0.5,1.3,0.7,generous,122525685.51980199,3885118421.0526314,3762592735.5328293,31.708603829233326
0.7,0.5,1.3,1,none,122525685.51980199,0,-122525685.51980199,0
0.7,0.5,1.3,1,its_estimate,122525685.51980199,1942559210.5263157,1820033525.0065136,15.854301914616663
0.7,0.5,1.3,1,generous,122525685.51980199,3885118421.0526314,3762592735.5328293,31.708603829233326
0.7,0.5,1.3,1.3,none,122525685.51980199,0,-122525685.51980199,0
0.7,0.5,1.3,1.3,its_estimate,122525685.51980199,1942559210.5263157,1820033525.0065136,15.854301914616663
0.7,0.5,1.3,1.3,generous,122525685.51980199,3885118421.0526314,3762592735.5328293,31.708603829233326
0.7,1,0.7,0.7,none,155792905.6930693,0,-155792905.6930693,0
0.7,1,0.7,0.7,its_estimate,155792905.6930693,1045993421.0526314,890200515.359562,6.713999051493165
0.7,1,0.7,0.7,generous,155792905.6930693,2091986842.1052628,1936193936.4121935,13.42799810298633
0.7,1,0.7,1,none,155792905.6930693,0,-155792905.6930693,0
0.7,1,0.7,1,its_estimate,155792905.6930693,1045993421.0526314,890200515.359562,6.713999051493165
0.7,1,0.7,1,generous,155792905.6930693,2091986842.1052628,1936193936.4121935,13.42799810298633
0.7,1,0.7,1.3,none,155792905.6930693,0,-155792905.6930693,0
0.7,1,0.7,1.3,its_estimate,155792905.6930693,1045993421.0526314,890200515.359562,6.713999051493165
0.7,1,0.7,1.3,generous,155792905.6930693,2091986842.1052628,1936193936.4121935,13.42799810298633
0.7,1,1,0.7,none,155792905.6930693,0,-155792905.6930693,0
0.7,1,1,0.7,its_estimate,155792905.6930693,1494276315.7894735,1338483410.0964043,9.591427216418808
0.7,1,1,0.7,generous,155792905.6930693,2988552631.578947,2832759725.8858776,19.182854432837615
0.7,1,1,1,none,155792905.6930693,0,-155792905.6930693,0
0.7,1,1,1,its_estimate,155792905.6930693,1494276315.7894735,1338483410.0964043,9.591427216418808
0.7,1,1,1,generous,155792905.6930693,2988552631.578947,2832759725.8858776,19.182854432837615
0.7,1,1,1.3,none,155792905.6930693,0,-155792905.6930693,0
0.7,1,1,1.3,its_estimate,155792905.6930693,1494276315.7894735,1338483410.0964043,9.591427216418808
0.7,1,1,1.3,generous,155792905.6930693,2988552631.578947,2832759725.8858776,19.182854432837615
0.7,1,1.3,0.7,none,155792905.6930693,0,-155792905.6930693,0
0.7,1,1.3,0.7,its_estimate,155792905.6930693,1942559210.5263157,1786766304.8332465,12.46885538134445
0.7,1,1.3,0.7,generous,155792905.6930693,3885118421.0526314,3729325515.359562,24.9377107626889
0.7,1,1.3,1,none,155792905.6930693,0,-155792905.6930693,0
0.7,1,1.3,1,its_estimate,155792905.6930693,1942559210.5263157,1786766304.8332465,12.46885538134445
0.7,1,1.3,1,generous,155792905.6930693,3885118421.0526314,3729325515.359562,24.9377107626889
0.7,1,1.3,1.3,none,155792905.6930693,0,-155792905.6930693,0
0.7,1,1.3,1.3,its_estimate,155792905.6930693,1942559210.5263157,1786766304.8332465,12.46885538134445
0.7,1,1.3,1.3,generous,155792905.6930693,3885118421.0526314,3729325515.359562,24.9377107626889
0.7,1.5,0.7,0.7,none,189060125.86633664,0,-189060125.86633664,0
0.7,1.5,0.7,0.7,its_estimate,189060125.86633664,1045993421.0526314,856933295.1862948,5.532596660768844
0.7,1.5,0.7,0.7,generous,189060125.86633664,2091986842.1052628,1902926716.2389262,11.065193321537688
0.7,1.5,0.7,1,none,189060125.86633664,0,-189060125.86633664,0
0.7,1.5,0.7,1,its_estimate,189060125.86633664,1045993421.0526314,856933295.1862948,5.532596660768844
0.7,1.5,0.7,1,generous,189060125.86633664,2091986842.1052628,1902926716.2389262,11.065193321537688
0.7,1.5,0.7,1.3,none,189060125.86633664,0,-189060125.86633664,0
0.7,1.5,0.7,1.3,its_estimate,189060125.86633664,1045993421.0526314,856933295.1862948,5.532596660768844
0.7,1.5,0.7,1.3,generous,189060125.86633664,2091986842.1052628,1902926716.2389262,11.065193321537688
0.7,1.5,1,0.7,none,189060125.86633664,0,-189060125.86633664,0
0.7,1.5,1,0.7,its_estimate,189060125.86633664,1494276315.7894735,1305216189.923137,7.903709515384063
0.7,1.5,1,0.7,generous,189060125.86633664,2988552631.578947,2799492505.7126102,15.807419030768125
0.7,1.5,1,1,none,189060125.86633664,0,-189060125.86633664,0
0.7,1.5,1,1,its_estimate,189060125.86633664,1494276315.7894735,1305216189.923137,7.903709515384063
0.7,1.5,1,1,generous,189060125.86633664,2988552631.578947,2799492505.7126102,15.807419030768125
0.7,1.5,1,1.3,none,189060125.86633664,0,-189060125.86633664,0
0.7,1.5,1,1.3,its_estimate,189060125.86633664,1494276315.7894735,1305216189.923137,7.903709515384063
0.7,1.5,1,1.3,generous,189060125.86633664,2988552631.578947,2799492505.7126102,15.807419030768125
0.7,1.5,1.3,0.7,none,189060125.86633664,0,-189060125.86633664,0
0.7,1.5,1.3,0.7,its_estimate,189060125.86633664,1942559210.5263157,1753499084.659979,10.274822369999283
0.7,1.5,1.3,0.7,generous,189060125.86633664,3885118421.0526314,3696058295.1862946,20.549644739998566
0.7,1.5,1.3,1,none,189060125.86633664,0,-189060125.86633664,0
0.7,1.5,1.3,1,its_estimate,189060125.86633664,1942559210.5263157,1753499084.659979,10.274822369999283
0.7,1.5,1.3,1,generous,189060125.86633664,3885118421.0526314,3696058295.1862946,20.549644739998566
0.7,1.5,1.3,1.3,none,189060125.86633664,0,-189060125.86633664,0
0.7,1.5,1.3,1.3,its_estimate,189060125.86633664,1942559210.5263157,1753499084.659979,10.274822369999283
0.7,1.5,1.3,1.3,generous,189060125.86633664,3885118421.0526314,3696058295.1862946,20.549644739998566
1,0.5,0.7,0.7,none,155720982.54950497,0,-155720982.54950497,0
1,0.5,0.7,0.7,its_estimate,155720982.54950497,1045993421.0526314,890272438.5031264,6.7171000588832115
1,0.5,0.7,0.7,generous,155720982.54950497,2091986842.1052628,1936265859.5557578,13.434200117766423
1,0.5,0.7,1,none,155720982.54950497,0,-155720982.54950497,0
1,0.5,0.7,1,its_estimate,155720982.54950497,1045993421.0526314,890272438.5031264,6.7171000588832115
1,0.5,0.7,1,generous,155720982.54950497,2091986842.1052628,1936265859.5557578,13.434200117766423
1,0.5,0.7,1.3,none,155720982.54950497,0,-155720982.54950497,0
1,0.5,0.7,1.3,its_estimate,155720982.54950497,1045993421.0526314,890272438.5031264,6.7171000588832115
1,0.5,0.7,1.3,generous,155720982.54950497,2091986842.1052628,1936265859.5557578,13.434200117766423
1,0.5,1,0.7,none,155720982.54950497,0,-155720982.54950497,0
1,0.5,1,0.7,its_estimate,155720982.54950497,1494276315.7894735,1338555333.2399685,9.595857226976017
1,0.5,1,0.7,generous,155720982.54950497,2988552631.578947,2832831649.0294423,19.191714453952034
1,0.5,1,1,none,155720982.54950497,0,-155720982.54950497,0
1,0.5,1,1,its_estimate,155720982.54950497,1494276315.7894735,1338555333.2399685,9.595857226976017
1,0.5,1,1,generous,155720982.54950497,2988552631.578947,2832831649.0294423,19.191714453952034
1,0.5,1,1.3,none,155720982.54950497,0,-155720982.54950497,0
1,0.5,1,1.3,its_estimate,155720982.54950497,1494276315.7894735,1338555333.2399685,9.595857226976017
1,0.5,1,1.3,generous,155720982.54950497,2988552631.578947,2832831649.0294423,19.191714453952034
1,0.5,1.3,0.7,none,155720982.54950497,0,-155720982.54950497,0
1,0.5,1.3,0.7,its_estimate,155720982.54950497,1942559210.5263157,1786838227.9768107,12.474614395068823
1,0.5,1.3,0.7,generous,155720982.54950497,3885118421.0526314,3729397438.5031266,24.949228790137646
1,0.5,1.3,1,none,155720982.54950497,0,-155720982.54950497,0
1,0.5,1.3,1,its_estimate,155720982.54950497,1942559210.5263157,1786838227.9768107,12.474614395068823
1,0.5,1.3,1,generous,155720982.54950497,3885118421.0526314,3729397438.5031266,24.949228790137646
1,0.5,1.3,1.3,none,155720982.54950497,0,-155720982.54950497,0
1,0.5,1.3,1.3,its_estimate,155720982.54950497,1942559210.5263157,1786838227.9768107,12.474614395068823
1,0.5,1.3,1.3,generous,155720982.54950497,3885118421.0526314,3729397438.5031266,24.949228790137646
1,1,0.7,0.7,none,188988202.72277227,0,-188988202.72277227,0
1,1,0.7,0.7,its_estimate,188988202.72277227,1045993421.0526314,857005218.3298591,5.534702198247815
1,1,0.7,0.7,generous,188988202.72277227,2091986842.1052628,1902998639.3824904,11.06940439649563
1,1,0.7,1,none,188988202.72277227,0,-188988202.72277227,0
1,1,0.7,1,its_estimate,188988202.72277227,1045993421.0526314,857005218.3298591,5.534702198247815
1,1,0.7,1,generous,188988202.72277227,2091986842.1052628,1902998639.3824904,11.06940439649563
1,1,0.7,1.3,none,188988202.72277227,0,-188988202.72277227,0
1,1,0.7,1.3,its_estimate,188988202.72277227,1045993421.0526314,857005218.3298591,5.534702198247815
1,1,0.7,1.3,generous,188988202.72277227,2091986842.1052628,1902998639.3824904,11.06940439649563
1,1,1,0.7,none,188988202.72277227,0,-188988202.72277227,0
1,1,1,0.7,its_estimate,188988202.72277227,1494276315.7894735,1305288113.0667012,7.906717426068308
1,1,1,0.7,generous,188988202.72277227,2988552631.578947,2799564428.856175,15.813434852136616
1,1,1,1,none,188988202.72277227,0,-188988202.72277227,0
1,1,1,1,its_estimate,188988202.72277227,1494276315.7894735,1305288113.0667012,7.906717426068308
1,1,1,1,generous,188988202.72277227,2988552631.578947,2799564428.856175,15.813434852136616
1,1,1,1.3,none,188988202.72277227,0,-188988202.72277227,0
1,1,1,1.3,its_estimate,188988202.72277227,1494276315.7894735,1305288113.0667012,7.906717426068308
1,1,1,1.3,generous,188988202.72277227,2988552631.578947,2799564428.856175,15.813434852136616
1,1,1.3,0.7,none,188988202.72277227,0,-188988202.72277227,0
1,1,1.3,0.7,its_estimate,188988202.72277227,1942559210.5263157,1753571007.8035433,10.2787326538888
1,1,1.3,0.7,generous,188988202.72277227,3885118421.0526314,3696130218.3298593,20.5574653077776
1,1,1.3,1,none,188988202.72277227,0,-188988202.72277227,0
1,1,1.3,1,its_estimate,188988202.72277227,1942559210.5263157,1753571007.8035433,10.2787326538888
1,1,1.3,1,generous,188988202.72277227,3885118421.0526314,3696130218.3298593,20.5574653077776
1,1,1.3,1.3,none,188988202.72277227,0,-188988202.72277227,0
1,1,1.3,1.3,its_estimate,188988202.72277227,1942559210.5263157,1753571007.8035433,10.2787326538888
1,1,1.3,1.3,generous,188988202.72277227,3885118421.0526314,3696130218.3298593,20.5574653077776
1,1.5,0.7,0.7,none,222255422.8960396,0,-222255422.8960396,0
1,1.5,0.7,0.7,its_estimate,222255422.8960396,1045993421.0526314,823737998.1565918,4.706267264137338
1,1.5,0.7,0.7,generous,222255422.8960396,2091986842.1052628,1869731419.2092233,9.412534528274676
1,1.5,0.7,1,none,222255422.8960396,0,-222255422.8960396,0
1,1.5,0.7,1,its_estimate,222255422.8960396,1045993421.0526314,823737998.1565918,4.706267264137338
1,1.5,0.7,1,generous,222255422.8960396,2091986842.1052628,1869731419.2092233,9.412534528274676
1,1.5,0.7,1.3,none,222255422.8960396,0,-222255422.8960396,0
1,1.5,0.7,1.3,its_estimate,222255422.8960396,1045993421.0526314,823737998.1565918,4.706267264137338
1,1.5,0.7,1.3,generous,222255422.8960396,2091986842.1052628,1869731419.2092233,9.412534528274676
1,1.5,1,0.7,none,222255422.8960396,0,-222255422.8960396,0
1,1.5,1,0.7,its_estimate,222255422.8960396,1494276315.7894735,1272020892.893434,6.7232389487676265
1,1.5,1,0.7,generous,222255422.8960396,2988552631.578947,2766297208.6829076,13.446477897535253
1,1.5,1,1,none,222255422.8960396,0,-222255422.8960396,0
1,1.5,1,1,its_estimate,222255422.8960396,1494276315.7894735,1272020892.893434,6.7232389487676265
1,1.5,1,1,generous,222255422.8960396,2988552631.578947,2766297208.6829076,13.446477897535253
1,1.5,1,1.3,none,222255422.8960396,0,-222255422.8960396,0
1,1.5,1,1.3,its_estimate,222255422.8960396,1494276315.7894735,1272020892.893434,6.7232389487676265
1,1.5,1,1.3,generous,222255422.8960396,2988552631.578947,2766297208.6829076,13.446477897535253
1,1.5,1.3,0.7,none,222255422.8960396,0,-222255422.8960396,0
1,1.5,1.3,0.7,its_estimate,222255422.8960396,1942559210.5263157,1720303787.6302762,8.740210633397915
1,1.5,1.3,0.7,generous,222255422.8960396,3885118421.0526314,3662862998.156592,17.48042126679583
1,1.5,1.3,1,none,222255422.8960396,0,-222255422.8960396,0
1,1.5,1.3,1,its_estimate,222255422.8960396,1942559210.5263157,1720303787.6302762,8.740210633397915
1,1.5,1.3,1,generous,222255422.8960396,3885118421.0526314,3662862998.156592,17.48042126679583
1,1.5,1.3,1.3,none,222255422.8960396,0,-222255422.8960396,0
1,1.5,1.3,1.3,its_estimate,222255422.8960396,1942559210.5263157,1720303787.6302762,8.740210633397915
1,1.5,1.3,1.3,generous,222255422.8960396,3885118421.0526314,3662862998.156592,17.48042126679583
1.3,0.5,0.7,0.7,none,188916279.57920793,0,-188916279.57920793,0
1.3,0.5,0.7,0.7,its_estimate,188916279.57920793,1045993421.0526314,857077141.4734235,5.536809338943562
1.3,0.5,0.7,0.7,generous,188916279.57920793,2091986842.1052628,1903070562.5260549,11.073618677887124
1.3,0.5,0.7,1,none,188916279.57920793,0,-188916279.57920793,0
1.3,0.5,0.7,1,its_estimate,188916279.57920793,1045993421.0526314,857077141.4734235,5.536809338943562
1.3,0.5,0.7,1,generous,188916279.57920793,2091986842.1052628,1903070562.5260549,11.073618677887124
1.3,0.5,0.7,1.3,none,188916279.57920793,0,-188916279.57920793,0
1.3,0.5,0.7,1.3,its_estimate,188916279.57920793,1045993421.0526314,857077141.4734235,5.536809338943562
1.3,0.5,0.7,1.3,generous,188916279.57920793,2091986842.1052628,1903070562.5260549,11.073618677887124
1.3,0.5,1,0.7,none,188916279.57920793,0,-188916279.57920793,0
1.3,0.5,1,0.7,its_estimate,188916279.57920793,1494276315.7894735,1305360036.2102656,7.9097276270622325
1.3,0.5,1,0.7,generous,188916279.57920793,2988552631.578947,2799636351.999739,15.819455254124465
1.3,0.5,1,1,none,188916279.57920793,0,-188916279.57920793,0
1.3,0.5,1,1,its_estimate,188916279.57920793,1494276315.7894735,1305360036.2102656,7.9097276270622325
1.3,0.5,1,1,generous,188916279.57920793,2988552631.578947,2799636351.999739,15.819455254124465
1.3,0.5,1,1.3,none,188916279.57920793,0,-188916279.57920793,0
1.3,0.5,1,1.3,its_estimate,188916279.57920793,1494276315.7894735,1305360036.2102656,7.9097276270622325
1.3,0.5,1,1.3,generous,188916279.57920793,2988552631.578947,2799636351.999739,15.819455254124465
1.3,0.5,1.3,0.7,none,188916279.57920793,0,-188916279.57920793,0
1.3,0.5,1.3,0.7,its_estimate,188916279.57920793,1942559210.5263157,1753642930.9471078,10.282645915180902
1.3,0.5,1.3,0.7,generous,188916279.57920793,3885118421.0526314,3696202141.4734235,20.565291830361804
1.3,0.5,1.3,1,none,188916279.57920793,0,-188916279.57920793,0
1.3,0.5,1.3,1,its_estimate,188916279.57920793,1942559210.5263157,1753642930.9471078,10.282645915180902
1.3,0.5,1.3,1,generous,188916279.57920793,3885118421.0526314,3696202141.4734235,20.565291830361804
1.3,0.5,1.3,1.3,none,188916279.57920793,0,-188916279.57920793,0
1.3,0.5,1.3,1.3,its_estimate,188916279.57920793,1942559210.5263157,1753642930.9471078,10.282645915180902
1.3,0.5,1.3,1.3,generous,188916279.57920793,3885118421.0526314,3696202141.4734235,20.565291830361804
1.3,1,0.7,0.7,none,222183499.75247526,0,-222183499.75247526,0
1.3,1,0.7,0.7,its_estimate,222183499.75247526,1045993421.0526314,823809921.3001561,4.707790732515808
1.3,1,0.7,0.7,generous,222183499.75247526,2091986842.1052628,1869803342.3527875,9.415581465031616
1.3,1,0.7,1,none,222183499.75247526,0,-222183499.75247526,0
1.3,1,0.7,1,its_estimate,222183499.75247526,1045993421.0526314,823809921.3001561,4.707790732515808
1.3,1,0.7,1,generous,222183499.75247526,2091986842.1052628,1869803342.3527875,9.415581465031616
1.3,1,0.7,1.3,none,222183499.75247526,0,-222183499.75247526,0
1.3,1,0.7,1.3,its_estimate,222183499.75247526,1045993421.0526314,823809921.3001561,4.707790732515808
1.3,1,0.7,1.3,generous,222183499.75247526,2091986842.1052628,1869803342.3527875,9.415581465031616
1.3,1,1,0.7,none,222183499.75247526,0,-222183499.75247526,0
1.3,1,1,0.7,its_estimate,222183499.75247526,1494276315.7894735,1272092816.0369983,6.725415332165441
1.3,1,1,0.7,generous,222183499.75247526,2988552631.578947,2766369131.826472,13.450830664330882
1.3,1,1,1,none,222183499.75247526,0,-222183499.75247526,0
1.3,1,1,1,its_estimate,222183499.75247526,1494276315.7894735,1272092816.0369983,6.725415332165441
1.3,1,1,1,generous,222183499.75247526,2988552631.578947,2766369131.826472,13.450830664330882
1.3,1,1,1.3,none,222183499.75247526,0,-222183499.75247526,0
1.3,1,1,1.3,its_estimate,222183499.75247526,1494276315.7894735,1272092816.0369983,6.725415332165441
1.3,1,1,1.3,generous,222183499.75247526,2988552631.578947,2766369131.826472,13.450830664330882
1.3,1,1.3,0.7,none,222183499.75247526,0,-222183499.75247526,0
1.3,1,1.3,0.7,its_estimate,222183499.75247526,1942559210.5263157,1720375710.7738404,8.743039931815073
1.3,1,1.3,0.7,generous,222183499.75247526,3885118421.0526314,3662934921.300156,17.486079863630145
1.3,1,1.3,1,none,222183499.75247526,0,-222183499.75247526,0
1.3,1,1.3,1,its_estimate,222183499.75247526,1942559210.5263157,1720375710.7738404,8.743039931815073
1.3,1,1.3,1,generous,222183499.75247526,3885118421.0526314,3662934921.300156,17.486079863630145
1.3,1,1.3,1.3,none,222183499.75247526,0,-222183499.75247526,0
1.3,1,1.3,1.3,its_estimate,222183499.75247526,1942559210.5263157,1720375710.7738404,8.743039931815073
1.3,1,1.3,1.3,generous,222183499.75247526,3885118421.0526314,3662934921.300156,17.486079863630145
1.3,1.5,0.7,0.7,none,255450719.92574257,0,-255450719.92574257,0
1.3,1.5,0.7,0.7,its_estimate,255450719.92574257,1045993421.0526314,790542701.1268888,4.094697487471137
1.3,1.5,0.7,0.7,generous,255450719.92574257,2091986842.1052628,1836536122.1795201,8.189394974942275
1.3,1.5,0.7,1,none,255450719.92574257,0,-255450719.92574257,0
1.3,1.5,0.7,1,its_estimate,255450719.92574257,1045993421.0526314,790542701.1268888,4.094697487471137
1.3,1.5,0.7,1,generous,255450719.92574257,2091986842.1052628,1836536122.1795201,8.189394974942275
1.3,1.5,0.7,1.3,none,255450719.92574257,0,-255450719.92574257,0
1.3,1.5,0.7,1.3,its_estimate,255450719.92574257,1045993421.0526314,790542701.1268888,4.094697487471137
1.3,1.5,0.7,1.3,generous,255450719.92574257,2091986842.1052628,1836536122.1795201,8.189394974942275
1.3,1.5,1,0.7,none,255450719.92574257,0,-255450719.92574257,0
1.3,1.5,1,0.7,its_estimate,255450719.92574257,1494276315.7894735,1238825595.863731,5.849567839244483
1.3,1.5,1,0.7,generous,255450719.92574257,2988552631.578947,2733101911.6532044,11.699135678488966
1.3,1.5,1,1,none,255450719.92574257,0,-255450719.92574257,0
1.3,1.5,1,1,its_estimate,255450719.92574257,1494276315.7894735,1238825595.863731,5.849567839244483
1.3,1.5,1,1,generous,255450719.92574257,2988552631.578947,2733101911.6532044,11.699135678488966
1.3,1.5,1,1.3,none,255450719.92574257,0,-255450719.92574257,0
1.3,1.5,1,1.3,its_estimate,255450719.92574257,1494276315.7894735,1238825595.863731,5.849567839244483
1.3,1.5,1,1.3,generous,255450719.92574257,2988552631.578947,2733101911.6532044,11.699135678488966
1.3,1.5,1.3,0.7,none,255450719.92574257,0,-255450719.92574257,0
1.3,1.5,1.3,0.7,its_estimate,255450719.92574257,1942559210.5263157,1687108490.600573,7.604438191017828
1.3,1.5,1.3,0.7,generous,255450719.92574257,3885118421.0526314,3629667701.1268888,15.208876382035657
1.3,1.5,1.3,1,none,255450719.92574257,0,-255450719.92574257,0
1.3,1.5,1.3,1,its_estimate,255450719.92574257,1942559210.5263157,1687108490.600573,7.604438191017828
1.3,1.5,1.3,1,generous,255450719.92574257,3885118421.0526314,3629667701.1268888,15.208876382035657
1.3,1.5,1.3,1.3,none,255450719.92574257,0,-255450719.92574257,0
1.3,1.5,1.3,1.3,its_estimate,255450719.92574257,1942559210.5263157,1687108490.600573,7.604438191017828
1.3,1.5,1.3,1.3,generous,255450719.92574257,3885118421.0526314,3629667701.1268888,15.208876382035657
