vsl_mult,fatality_rate,shooting_mult,causal_share,vsl,crash_fatality_cost,crash_injury_cost,crash_property_cost,total_crash_cost,adj_shooting_reduction,shooting_benefit,robbery_cost,total_cost,total_benefit,net,bc_ratio
0.7,0.005,0.7,0,8750000,29558641.764318325,70940740.23436397,13512521.949402662,114011903.94808495,2118.4020909876413,0,0,114011903.94808495,0,-114011903.94808495,0
0.7,0.005,0.7,0.25,8750000,29558641.764318325,70940740.23436397,13512521.949402662,114011903.94808495,2118.4020909876413,463400457.40354645,0,114011903.94808495,463400457.40354645,349388553.4554615,4.064491876344375
0.7,0.005,0.7,0.5,8750000,29558641.764318325,70940740.23436397,13512521.949402662,114011903.94808495,2118.4020909876413,926800914.8070929,0,114011903.94808495,926800914.8070929,812789010.859008,8.12898375268875
0.7,0.005,0.7,0.75,8750000,29558641.764318325,70940740.23436397,13512521.949402662,114011903.94808495,2118.4020909876413,1390201372.2106395,0,114011903.94808495,1390201372.2106395,1276189468.2625546,12.193475629033125
0.7,0.005,0.7,1,8750000,29558641.764318325,70940740.23436397,13512521.949402662,114011903.94808495,2118.4020909876413,1853601829.6141858,0,114011903.94808495,1853601829.6141858,1739589925.666101,16.2579675053775
0.7,0.005,1,0,8750000,29558641.764318325,70940740.23436397,13512521.949402662,114011903.94808495,3026.2887014109165,0,0,114011903.94808495,0,-114011903.94808495,0
0.7,0.005,1,0.25,8750000,29558641.764318325,70940740.23436397,13512521.949402662,114011903.94808495,3026.2887014109165,662000653.433638,0,114011903.94808495,662000653.433638,547988749.485553,5.8064169662062515
0.7,0.005,1,0.5,8750000,29558641.764318325,70940740.23436397,13512521.949402662,114011903.94808495,3026.2887014109165,1324001306.867276,0,114011903.94808495,1324001306.867276,1209989402.919191,11.612833932412503
0.7,0.005,1,0.75,8750000,29558641.764318325,70940740.23436397,13512521.949402662,114011903.94808495,3026.2887014109165,1986001960.3009138,0,114011903.94808495,1986001960.3009138,1871990056.352829,17.419250898618753
0.7,0.005,1,1,8750000,29558641.764318325,70940740.23436397,13512521.949402662,114011903.94808495,3026.2887014109165,2648002613.734552,0,114011903.94808495,2648002613.734552,2533990709.786467,23.225667864825006
0.7,0.005,1.3,0,8750000,29558641.764318325,70940740.23436397,13512521.949402662,114011903.94808495,3934.1753118341917,0,0,114011903.94808495,0,-114011903.94808495,0
0.7,0.005,1.3,0.25,8750000,29558641.764318325,70940740.23436397,13512521.949402662,114011903.94808495,3934.1753118341917,860600849.4637294,0,114011903.94808495,860600849.4637294,746588945.5156444,7.548342056068127
0.7,0.005,1.3,0.5,8750000,29558641.764318325,70940740.23436397,13512521.949402662,114011903.94808495,3934.1753118341917,1721201698.9274588,0,114011903.94808495,1721201698.9274588,1607189794.979374,15.096684112136254
0.7,0.005,1.3,0.75,8750000,29558641.764318325,70940740.23436397,13512521.949402662,114011903.94808495,3934.1753118341917,2581802548.391188,0,114011903.94808495,2581802548.391188,2467790644.4431033,22.64502616820438
0.7,0.005,1.3,1,8750000,29558641.764318325,70940740.23436397,13512521.949402662,114011903.94808495,3934.1753118341917,3442403397.8549175,0,114011903.94808495,3442403397.8549175,3328391493.9068327,30.193368224272508
0.7,0.01,0.7,0,8750000,59117283.52863665,70940740.23436397,13512521.949402662,143570545.7124033,2118.4020909876413,0,0,143570545.7124033,0,-143570545.7124033,0
0.7,0.01,0.7,0.25,8750000,59117283.52863665,70940740.23436397,13512521.949402662,143570545.7124033,2118.4020909876413,463400457.40354645,0,143570545.7124033,463400457.40354645,319829911.69114316,3.2276847253322973
0.7,0.01,0.7,0.5,8750000,59117283.52863665,70940740.23436397,13512521.949402662,143570545.7124033,2118.4020909876413,926800914.8070929,0,143570545.7124033,926800914.8070929,783230369.0946896,6.455369450664595
0.7,0.01,0.7,0.75,8750000,59117283.52863665,70940740.23436397,13512521.949402662,143570545.7124033,2118.4020909876413,1390201372.2106395,0,143570545.7124033,1390201372.2106395,1246630826.4982362,9.683054175996892
0.7,0.01,0.7,1,8750000,59117283.52863665,70940740.23436397,13512521.949402662,143570545.7124033,2118.4020909876413,1853601829.6141858,0,143570545.7124033,1853601829.6141858,1710031283.9017825,12.91073890132919
0.7,0.01,1,0,8750000,59117283.52863665,70940740.23436397,13512521.949402662,143570545.7124033,3026.2887014109165,0,0,143570545.7124033,0,-143570545.7124033,0
0.7,0.01,1,0.25,8750000,59117283.52863665,70940740.23436397,13512521.949402662,143570545.7124033,3026.2887014109165,662000653.433638,0,143570545.7124033,662000653.433638,518430107.7212347,4.61097817904614
0.7,0.01,1,0.5,8750000,59117283.52863665,70940740.23436397,13512521.949402662,143570545.7124033,3026.2887014109165,1324001306.867276,0,143570545.7124033,1324001306.867276,1180430761.1548727,9.22195635809228
0.7,0.01,1,0.75,8750000,59117283.52863665,70940740.23436397,13512521.949402662,143570545.7124033,3026.2887014109165,1986001960.3009138,0,143570545.7124033,1986001960.3009138,1842431414.5885105,13.832934537138419
0.7,0.01,1,1,8750000,59117283.52863665,70940740.23436397,13512521.949402662,143570545.7124033,3026.2887014109165,2648002613.734552,0,143570545.7124033,2648002613.734552,2504432068.0221486,18.44391271618456
0.7,0.01,1.3,0,8750000,59117283.52863665,70940740.23436397,13512521.949402662,143570545.7124033,3934.1753118341917,0,0,143570545.7124033,0,-143570545.7124033,0
0.7,0.01,1.3,0.25,8750000,59117283.52863665,70940740.23436397,13512521.949402662,143570545.7124033,3934.1753118341917,860600849.4637294,0,143570545.7124033,860600849.4637294,717030303.7513261,5.9942716327599825
0.7,0.01,1.3,0.5,8750000,59117283.52863665,70940740.23436397,13512521.949402662,143570545.7124033,3934.1753118341917,1721201698.9274588,0,143570545.7124033,1721201698.9274588,1577631153.2150555,11.988543265519965
0.7,0.01,1.3,0.75,8750000,59117283.52863665,70940740.23436397,13512521.949402662,143570545.7124033,3934.1753118341917,2581802548.391188,0,143570545.7124033,2581802548.391188,2438232002.678785,17.982814898279948
0.7,0.01,1.3,1,8750000,59117283.52863665,70940740.23436397,13512521.949402662,143570545.7124033,3934.1753118341917,3442403397.8549175,0,143570545.7124033,3442403397.8549175,3298832852.142514,23.97708653103993
0.7,0.015,0.7,0,8750000,88675925.29295497,70940740.23436397,13512521.949402662,173129187.4767216,2118.4020909876413,0,0,173129187.4767216,0,-173129187.4767216,0
0.7,0.015,0.7,0.25,8750000,88675925.29295497,70940740.23436397,13512521.949402662,173129187.4767216,2118.4020909876413,463400457.40354645,0,173129187.4767216,463400457.40354645,290271269.9268248,2.6766166014950756
0.7,0.015,0.7,0.5,8750000,88675925.29295497,70940740.23436397,13512521.949402662,173129187.4767216,2118.4020909876413,926800914.8070929,0,173129187.4767216,926800914.8070929,753671727.3303713,5.353233202990151
0.7,0.015,0.7,0.75,8750000,88675925.29295497,70940740.23436397,13512521.949402662,173129187.4767216,2118.4020909876413,1390201372.2106395,0,173129187.4767216,1390201372.2106395,1217072184.733918,8.029849804485227
0.7,0.015,0.7,1,8750000,88675925.29295497,70940740.23436397,13512521.949402662,173129187.4767216,2118.4020909876413,1853601829.6141858,0,173129187.4767216,1853601829.6141858,1680472642.1374643,10.706466405980303
0.7,0.015,1,0,8750000,88675925.29295497,70940740.23436397,13512521.949402662,173129187.4767216,3026.2887014109165,0,0,173129187.4767216,0,-173129187.4767216,0
0.7,0.015,1,0.25,8750000,88675925.29295497,70940740.23436397,13512521.949402662,173129187.4767216,3026.2887014109165,662000653.433638,0,173129187.4767216,662000653.433638,488871465.95691633,3.8237380021358236
0.7,0.015,1,0.5,8750000,88675925.29295497,70940740.23436397,13512521.949402662,173129187.4767216,3026.2887014109165,1324001306.867276,0,173129187.4767216,1324001306.867276,1150872119.3905544,7.647476004271647
0.7,0.015,1,0.75,8750000,88675925.29295497,70940740.23436397,13512521.949402662,173129187.4767216,3026.2887014109165,1986001960.3009138,0,173129187.4767216,1986001960.3009138,1812872772.8241923,11.47121400640747
0.7,0.015,1,1,8750000,88675925.29295497,70940740.23436397,13512521.949402662,173129187.4767216,3026.2887014109165,2648002613.734552,0,173129187.4767216,2648002613.734552,2474873426.25783,15.294952008543294
0.7,0.015,1.3,0,8750000,88675925.29295497,70940740.23436397,13512521.949402662,173129187.4767216,3934.1753118341917,0,0,173129187.4767216,0,-173129187.4767216,0
0.7,0.015,1.3,0.25,8750000,88675925.29295497,70940740.23436397,13512521.949402662,173129187.4767216,3934.1753118341917,860600849.4637294,0,173129187.4767216,860600849.4637294,687471661.9870077,4.970859402776571
0.7,0.015,1.3,0.5,8750000,88675925.29295497,70940740.23436397,13512521.949402662,173129187.4767216,3934.1753118341917,1721201698.9274588,0,173129187.4767216,1721201698.9274588,1548072511.4507372,9.941718805553142
0.7,0.015,1.3,0.75,8750000,88675925.29295497,70940740.23436397,13512521.949402662,173129187.4767216,3934.1753118341917,2581802548.391188,0,173129187.4767216,2581802548.391188,2408673360.9144664,14.912578208329712
0.7,0.015,1.3,1,8750000,88675925.29295497,70940740.23436397,13512521.949402662,173129187.4767216,3934.1753118341917,3442403397.8549175,0,173129187.4767216,3442403397.8549175,3269274210.378196,19.883437611106284
1,0.005,0.7,0,12500000,42226631.091883324,70940740.23436397,13512521.949402662,126679893.27564996,2118.4020909876413,0,0,126679893.27564996,0,-126679893.27564996,0
1,0.005,0.7,0.25,12500000,42226631.091883324,70940740.23436397,13512521.949402662,126679893.27564996,2118.4020909876413,662000653.4336379,0,126679893.27564996,662000653.4336379,535320760.1579879,5.2257752695856245
1,0.005,0.7,0.5,12500000,42226631.091883324,70940740.23436397,13512521.949402662,126679893.27564996,2118.4020909876413,1324001306.8672757,0,126679893.27564996,1324001306.8672757,1197321413.5916257,10.451550539171249
1,0.005,0.7,0.75,12500000,42226631.091883324,70940740.23436397,13512521.949402662,126679893.27564996,2118.4020909876413,1986001960.3009136,0,126679893.27564996,1986001960.3009136,1859322067.0252635,15.677325808756875
1,0.005,0.7,1,12500000,42226631.091883324,70940740.23436397,13512521.949402662,126679893.27564996,2118.4020909876413,2648002613.7345514,0,126679893.27564996,2648002613.7345514,2521322720.4589014,20.903101078342498
1,0.005,1,0,12500000,42226631.091883324,70940740.23436397,13512521.949402662,126679893.27564996,3026.2887014109165,0,0,126679893.27564996,0,-126679893.27564996,0
1,0.005,1,0.25,12500000,42226631.091883324,70940740.23436397,13512521.949402662,126679893.27564996,3026.2887014109165,945715219.1909114,0,126679893.27564996,945715219.1909114,819035325.9152615,7.465393242265179
1,0.005,1,0.5,12500000,42226631.091883324,70940740.23436397,13512521.949402662,126679893.27564996,3026.2887014109165,1891430438.3818228,0,126679893.27564996,1891430438.3818228,1764750545.1061728,14.930786484530358
1,0.005,1,0.75,12500000,42226631.091883324,70940740.23436397,13512521.949402662,126679893.27564996,3026.2887014109165,2837145657.5727344,0,126679893.27564996,2837145657.5727344,2710465764.2970843,22.39617972679554
1,0.005,1,1,12500000,42226631.091883324,70940740.23436397,13512521.949402662,126679893.27564996,3026.2887014109165,3782860876.7636456,0,126679893.27564996,3782860876.7636456,3656180983.4879956,29.861572969060717
1,0.005,1.3,0,12500000,42226631.091883324,70940740.23436397,13512521.949402662,126679893.27564996,3934.1753118341917,0,0,126679893.27564996,0,-126679893.27564996,0
1,0.005,1.3,0.25,12500000,42226631.091883324,70940740.23436397,13512521.949402662,126679893.27564996,3934.1753118341917,1229429784.948185,0,126679893.27564996,1229429784.948185,1102749891.672535,9.705011214944735
1,0.005,1.3,0.5,12500000,42226631.091883324,70940740.23436397,13512521.949402662,126679893.27564996,3934.1753118341917,2458859569.89637,0,126679893.27564996,2458859569.89637,2332179676.62072,19.41002242988947
1,0.005,1.3,0.75,12500000,42226631.091883324,70940740.23436397,13512521.949402662,126679893.27564996,3934.1753118341917,3688289354.844555,0,126679893.27564996,3688289354.844555,3561609461.568905,29.115033644834202
1,0.005,1.3,1,12500000,42226631.091883324,70940740.23436397,13512521.949402662,126679893.27564996,3934.1753118341917,4917719139.79274,0,126679893.27564996,4917719139.79274,4791039246.51709,38.82004485977894
1,0.01,0.7,0,12500000,84453262.18376665,70940740.23436397,13512521.949402662,168906524.3675333,2118.4020909876413,0,0,168906524.3675333,0,-168906524.3675333,0
1,0.01,0.7,0.25,12500000,84453262.18376665,70940740.23436397,13512521.949402662,168906524.3675333,2118.4020909876413,662000653.4336379,0,168906524.3675333,662000653.4336379,493094129.06610453,3.919331452189218
1,0.01,0.7,0.5,12500000,84453262.18376665,70940740.23436397,13512521.949402662,168906524.3675333,2118.4020909876413,1324001306.8672757,0,168906524.3675333,1324001306.8672757,1155094782.4997425,7.838662904378436
1,0.01,0.7,0.75,12500000,84453262.18376665,70940740.23436397,13512521.949402662,168906524.3675333,2118.4020909876413,1986001960.3009136,0,168906524.3675333,1986001960.3009136,1817095435.9333804,11.757994356567655
1,0.01,0.7,1,12500000,84453262.18376665,70940740.23436397,13512521.949402662,168906524.3675333,2118.4020909876413,2648002613.7345514,0,168906524.3675333,2648002613.7345514,2479096089.367018,15.677325808756873
1,0.01,1,0,12500000,84453262.18376665,70940740.23436397,13512521.949402662,168906524.3675333,3026.2887014109165,0,0,168906524.3675333,0,-168906524.3675333,0
1,0.01,1,0.25,12500000,84453262.18376665,70940740.23436397,13512521.949402662,168906524.3675333,3026.2887014109165,945715219.1909114,0,168906524.3675333,945715219.1909114,776808694.8233781,5.599044931698884
1,0.01,1,0.5,12500000,84453262.18376665,70940740.23436397,13512521.949402662,168906524.3675333,3026.2887014109165,1891430438.3818228,0,168906524.3675333,1891430438.3818228,1722523914.0142896,11.198089863397769
1,0.01,1,0.75,12500000,84453262.18376665,70940740.23436397,13512521.949402662,168906524.3675333,3026.2887014109165,2837145657.5727344,0,168906524.3675333,2837145657.5727344,2668239133.205201,16.797134795096653
1,0.01,1,1,12500000,84453262.18376665,70940740.23436397,13512521.949402662,168906524.3675333,3026.2887014109165,3782860876.7636456,0,168906524.3675333,3782860876.7636456,3613954352.3961124,22.396179726795538
1,0.01,1.3,0,12500000,84453262.18376665,70940740.23436397,13512521.949402662,168906524.3675333,3934.1753118341917,0,0,168906524.3675333,0,-168906524.3675333,0
1,0.01,1.3,0.25,12500000,84453262.18376665,70940740.23436397,13512521.949402662,168906524.3675333,3934.1753118341917,1229429784.948185,0,168906524.3675333,1229429784.948185,1060523260.5806516,7.278758411208551
1,0.01,1.3,0.5,12500000,84453262.18376665,70940740.23436397,13512521.949402662,168906524.3675333,3934.1753118341917,2458859569.89637,0,168906524.3675333,2458859569.89637,2289953045.5288367,14.557516822417101
1,0.01,1.3,0.75,12500000,84453262.18376665,70940740.23436397,13512521.949402662,168906524.3675333,3934.1753118341917,3688289354.844555,0,168906524.3675333,3688289354.844555,3519382830.4770217,21.836275233625653
1,0.01,1.3,1,12500000,84453262.18376665,70940740.23436397,13512521.949402662,168906524.3675333,3934.1753118341917,4917719139.79274,0,168906524.3675333,4917719139.79274,4748812615.425206,29.115033644834202
1,0.015,0.7,0,12500000,126679893.27564995,70940740.23436397,13512521.949402662,211133155.4594166,2118.4020909876413,0,0,211133155.4594166,0,-211133155.4594166,0
1,0.015,0.7,0.25,12500000,126679893.27564995,70940740.23436397,13512521.949402662,211133155.4594166,2118.4020909876413,662000653.4336379,0,211133155.4594166,662000653.4336379,450867497.9742212,3.135465161751375
1,0.015,0.7,0.5,12500000,126679893.27564995,70940740.23436397,13512521.949402662,211133155.4594166,2118.4020909876413,1324001306.8672757,0,211133155.4594166,1324001306.8672757,1112868151.407859,6.27093032350275
1,0.015,0.7,0.75,12500000,126679893.27564995,70940740.23436397,13512521.949402662,211133155.4594166,2118.4020909876413,1986001960.3009136,0,211133155.4594166,1986001960.3009136,1774868804.841497,9.406395485254125
1,0.015,0.7,1,12500000,126679893.27564995,70940740.23436397,13512521.949402662,211133155.4594166,2118.4020909876413,2648002613.7345514,0,211133155.4594166,2648002613.7345514,2436869458.275135,12.5418606470055
1,0.015,1,0,12500000,126679893.27564995,70940740.23436397,13512521.949402662,211133155.4594166,3026.2887014109165,0,0,211133155.4594166,0,-211133155.4594166,0
1,0.015,1,0.25,12500000,126679893.27564995,70940740.23436397,13512521.949402662,211133155.4594166,3026.2887014109165,945715219.1909114,0,211133155.4594166,945715219.1909114,734582063.7314948,4.479235945359108
1,0.015,1,0.5,12500000,126679893.27564995,70940740.23436397,13512521.949402662,211133155.4594166,3026.2887014109165,1891430438.3818228,0,211133155.4594166,1891430438.3818228,1680297282.9224062,8.958471890718217
1,0.015,1,0.75,12500000,126679893.27564995,70940740.23436397,13512521.949402662,211133155.4594166,3026.2887014109165,2837145657.5727344,0,211133155.4594166,2837145657.5727344,2626012502.113318,13.437707836077324
1,0.015,1,1,12500000,126679893.27564995,70940740.23436397,13512521.949402662,211133155.4594166,3026.2887014109165,3782860876.7636456,0,211133155.4594166,3782860876.7636456,3571727721.3042293,17.916943781436434
1,0.015,1.3,0,12500000,126679893.27564995,70940740.23436397,13512521.949402662,211133155.4594166,3934.1753118341917,0,0,211133155.4594166,0,-211133155.4594166,0
1,0.015,1.3,0.25,12500000,126679893.27564995,70940740.23436397,13512521.949402662,211133155.4594166,3934.1753118341917,1229429784.948185,0,211133155.4594166,1229429784.948185,1018296629.4887683,5.823006728966841
1,0.015,1.3,0.5,12500000,126679893.27564995,70940740.23436397,13512521.949402662,211133155.4594166,3934.1753118341917,2458859569.89637,0,211133155.4594166,2458859569.89637,2247726414.4369535,11.646013457933682
1,0.015,1.3,0.75,12500000,126679893.27564995,70940740.23436397,13512521.949402662,211133155.4594166,3934.1753118341917,3688289354.844555,0,211133155.4594166,3688289354.844555,3477156199.3851385,17.469020186900522
1,0.015,1.3,1,12500000,126679893.27564995,70940740.23436397,13512521.949402662,211133155.4594166,3934.1753118341917,4917719139.79274,0,211133155.4594166,4917719139.79274,4706585984.3333235,23.292026915867364
1.3,0.005,0.7,0,16250000,54894620.419448316,70940740.23436397,13512521.949402662,139347882.60321495,2118.4020909876413,0,0,139347882.60321495,0,-139347882.60321495,0
1.3,0.005,0.7,0.25,16250000,54894620.419448316,70940740.23436397,13512521.949402662,139347882.60321495,2118.4020909876413,860600849.4637293,0,139347882.60321495,860600849.4637293,721252966.8605143,6.1759162276921025
1.3,0.005,0.7,0.5,16250000,54894620.419448316,70940740.23436397,13512521.949402662,139347882.60321495,2118.4020909876413,1721201698.9274585,0,139347882.60321495,1721201698.9274585,1581853816.3242435,12.351832455384205
1.3,0.005,0.7,0.75,16250000,54894620.419448316,70940740.23436397,13512521.949402662,139347882.60321495,2118.4020909876413,2581802548.3911877,0,139347882.60321495,2581802548.3911877,2442454665.787973,18.527748683076307
1.3,0.005,0.7,1,16250000,54894620.419448316,70940740.23436397,13512521.949402662,139347882.60321495,2118.4020909876413,3442403397.854917,0,139347882.60321495,3442403397.854917,3303055515.2517023,24.70366491076841
1.3,0.005,1,0,16250000,54894620.419448316,70940740.23436397,13512521.949402662,139347882.60321495,3026.2887014109165,0,0,139347882.60321495,0,-139347882.60321495,0
1.3,0.005,1,0.25,16250000,54894620.419448316,70940740.23436397,13512521.949402662,139347882.60321495,3026.2887014109165,1229429784.948185,0,139347882.60321495,1229429784.948185,1090081902.34497,8.822737468131578
1.3,0.005,1,0.5,16250000,54894620.419448316,70940740.23436397,13512521.949402662,139347882.60321495,3026.2887014109165,2458859569.89637,0,139347882.60321495,2458859569.89637,2319511687.293155,17.645474936263156
1.3,0.005,1,0.75,16250000,54894620.419448316,70940740.23436397,13512521.949402662,139347882.60321495,3026.2887014109165,3688289354.844555,0,139347882.60321495,3688289354.844555,3548941472.24134,26.468212404394734
1.3,0.005,1,1,16250000,54894620.419448316,70940740.23436397,13512521.949402662,139347882.60321495,3026.2887014109165,4917719139.79274,0,139347882.60321495,4917719139.79274,4778371257.189525,35.29094987252631
1.3,0.005,1.3,0,16250000,54894620.419448316,70940740.23436397,13512521.949402662,139347882.60321495,3934.1753118341917,0,0,139347882.60321495,0,-139347882.60321495,0
1.3,0.005,1.3,0.25,16250000,54894620.419448316,70940740.23436397,13512521.949402662,139347882.60321495,3934.1753118341917,1598258720.4326406,0,139347882.60321495,1598258720.4326406,1458910837.8294256,11.469558708571052
1.3,0.005,1.3,0.5,16250000,54894620.419448316,70940740.23436397,13512521.949402662,139347882.60321495,3934.1753118341917,3196517440.865281,0,139347882.60321495,3196517440.865281,3057169558.2620664,22.939117417142104
1.3,0.005,1.3,0.75,16250000,54894620.419448316,70940740.23436397,13512521.949402662,139347882.60321495,3934.1753118341917,4794776161.297922,0,139347882.60321495,4794776161.297922,4655428278.694707,34.40867612571316
1.3,0.005,1.3,1,16250000,54894620.419448316,70940740.23436397,13512521.949402662,139347882.60321495,3934.1753118341917,6393034881.730562,0,139347882.60321495,6393034881.730562,6253686999.127347,45.87823483428421
1.3,0.01,0.7,0,16250000,109789240.83889663,70940740.23436397,13512521.949402662,194242503.02266327,2118.4020909876413,0,0,194242503.02266327,0,-194242503.02266327,0
1.3,0.01,0.7,0.25,16250000,109789240.83889663,70940740.23436397,13512521.949402662,194242503.02266327,2118.4020909876413,860600849.4637293,0,194242503.02266327,860600849.4637293,666358346.441066,4.4305485981269435
1.3,0.01,0.7,0.5,16250000,109789240.83889663,70940740.23436397,13512521.949402662,194242503.02266327,2118.4020909876413,1721201698.9274585,0,194242503.02266327,1721201698.9274585,1526959195.9047952,8.861097196253887
1.3,0.01,0.7,0.75,16250000,109789240.83889663,70940740.23436397,13512521.949402662,194242503.02266327,2118.4020909876413,2581802548.3911877,0,194242503.02266327,2581802548.3911877,2387560045.3685246,13.291645794380829
1.3,0.01,0.7,1,16250000,109789240.83889663,70940740.23436397,13512521.949402662,194242503.02266327,2118.4020909876413,3442403397.854917,0,194242503.02266327,3442403397.854917,3248160894.832254,17.722194392507774
1.3,0.01,1,0,16250000,109789240.83889663,70940740.23436397,13512521.949402662,194242503.02266327,3026.2887014109165,0,0,194242503.02266327,0,-194242503.02266327,0
1.3,0.01,1,0.25,16250000,109789240.83889663,70940740.23436397,13512521.949402662,194242503.02266327,3026.2887014109165,1229429784.948185,0,194242503.02266327,1229429784.948185,1035187281.9255217,6.329355140181349
1.3,0.01,1,0.5,16250000,109789240.83889663,70940740.23436397,13512521.949402662,194242503.02266327,3026.2887014109165,2458859569.89637,0,194242503.02266327,2458859569.89637,2264617066.873707,12.658710280362698
1.3,0.01,1,0.75,16250000,109789240.83889663,70940740.23436397,13512521.949402662,194242503.02266327,3026.2887014109165,3688289354.844555,0,194242503.02266327,3688289354.844555,3494046851.821892,18.988065420544046
1.3,0.01,1,1,16250000,109789240.83889663,70940740.23436397,13512521.949402662,194242503.02266327,3026.2887014109165,4917719139.79274,0,194242503.02266327,4917719139.79274,4723476636.770077,25.317420560725395
1.3,0.01,1.3,0,16250000,109789240.83889663,70940740.23436397,13512521.949402662,194242503.02266327,3934.1753118341917,0,0,194242503.02266327,0,-194242503.02266327,0
1.3,0.01,1.3,0.25,16250000,109789240.83889663,70940740.23436397,13512521.949402662,194242503.02266327,3934.1753118341917,1598258720.4326406,0,194242503.02266327,1598258720.4326406,1404016217.4099772,8.228161682235754
1.3,0.01,1.3,0.5,16250000,109789240.83889663,70940740.23436397,13512521.949402662,194242503.02266327,3934.1753118341917,3196517440.865281,0,194242503.02266327,3196517440.865281,3002274937.842618,16.45632336447151
1.3,0.01,1.3,0.75,16250000,109789240.83889663,70940740.23436397,13512521.949402662,194242503.02266327,3934.1753118341917,4794776161.297922,0,194242503.02266327,4794776161.297922,4600533658.275259,24.684485046707266
1.3,0.01,1.3,1,16250000,109789240.83889663,70940740.23436397,13512521.949402662,194242503.02266327,3934.1753118341917,6393034881.730562,0,194242503.02266327,6393034881.730562,6198792378.707899,32.91264672894302
1.3,0.015,0.7,0,16250000,164683861.25834492,70940740.23436397,13512521.949402662,249137123.44211155,2118.4020909876413,0,0,249137123.44211155,0,-249137123.44211155,0
1.3,0.015,0.7,0.25,16250000,164683861.25834492,70940740.23436397,13512521.949402662,249137123.44211155,2118.4020909876413,860600849.4637293,0,249137123.44211155,860600849.4637293,611463726.0216177,3.454326025658295
1.3,0.015,0.7,0.5,16250000,164683861.25834492,70940740.23436397,13512521.949402662,249137123.44211155,2118.4020909876413,1721201698.9274585,0,249137123.44211155,1721201698.9274585,1472064575.485347,6.90865205131659
1.3,0.015,0.7,0.75,16250000,164683861.25834492,70940740.23436397,13512521.949402662,249137123.44211155,2118.4020909876413,2581802548.3911877,0,249137123.44211155,2581802548.3911877,2332665424.949076,10.362978076974885
1.3,0.015,0.7,1,16250000,164683861.25834492,70940740.23436397,13512521.949402662,249137123.44211155,2118.4020909876413,3442403397.854917,0,249137123.44211155,3442403397.854917,3193266274.4128056,13.81730410263318
1.3,0.015,1,0,16250000,164683861.25834492,70940740.23436397,13512521.949402662,249137123.44211155,3026.2887014109165,0,0,249137123.44211155,0,-249137123.44211155,0
1.3,0.015,1,0.25,16250000,164683861.25834492,70940740.23436397,13512521.949402662,249137123.44211155,3026.2887014109165,1229429784.948185,0,249137123.44211155,1229429784.948185,980292661.5060735,4.934751465226137
1.3,0.015,1,0.5,16250000,164683861.25834492,70940740.23436397,13512521.949402662,249137123.44211155,3026.2887014109165,2458859569.89637,0,249137123.44211155,2458859569.89637,2209722446.4542584,9.869502930452274
1.3,0.015,1,0.75,16250000,164683861.25834492,70940740.23436397,13512521.949402662,249137123.44211155,3026.2887014109165,3688289354.844555,0,249137123.44211155,3688289354.844555,3439152231.4024434,14.804254395678411
1.3,0.015,1,1,16250000,164683861.25834492,70940740.23436397,13512521.949402662,249137123.44211155,3026.2887014109165,4917719139.79274,0,249137123.44211155,4917719139.79274,4668582016.350628,19.73900586090455
1.3,0.015,1.3,0,16250000,164683861.25834492,70940740.23436397,13512521.949402662,249137123.44211155,3934.1753118341917,0,0,249137123.44211155,0,-249137123.44211155,0
1.3,0.015,1.3,0.25,16250000,164683861.25834492,70940740.23436397,13512521.949402662,249137123.44211155,3934.1753118341917,1598258720.4326406,0,249137123.44211155,1598258720.4326406,1349121596.990529,6.415176904793978
1.3,0.015,1.3,0.5,16250000,164683861.25834492,70940740.23436397,13512521.949402662,249137123.44211155,3934.1753118341917,3196517440.865281,0,249137123.44211155,3196517440.865281,2947380317.4231696,12.830353809587956
1.3,0.015,1.3,0.75,16250000,164683861.25834492,70940740.23436397,13512521.949402662,249137123.44211155,3934.1753118341917,4794776161.297922,0,249137123.44211155,4794776161.297922,4545639037.85581,19.24553071438194
1.3,0.015,1.3,1,16250000,164683861.25834492,70940740.23436397,13512521.949402662,249137123.44211155,3934.1753118341917,6393034881.730562,0,249137123.44211155,6393034881.730562,6143897758.28845,25.660707619175913
