place_name,state_abr,id,year,treated,crime_count,population_est,n_months,shooting_rate
Albuquerque,NM,3502000,2018,0,94,559280.8333333334,12,16.807298658843127
Albuquerque,NM,3502000,2019,0,121,559865.75,12,21.612324025893706
Albuquerque,NM,3502000,2020,0,115,561312.75,12,20.48768712273149
Albuquerque,NM,3502000,2021,0,145,562757.25,12,25.765994129795754
Albuquerque,NM,3502000,2022,0,169,564120.75,12,29.958125099989676
Albuquerque,NM,3502000,2023,0,160,565144,12,28.311368429993063
Albuquerque,NM,3502000,2024,0,164,565144,12,29.01915264074289
Albuquerque,NM,3502000,2025,0,102,565144,9,18.04849737412058
Anaheim,CA,602000,2018,0,4,349803.6666666667,12,1.1434985911144442
Anaheim,CA,602000,2019,0,8,351394.4166666667,12,2.2766440274971167
Anaheim,CA,602000,2020,0,19,350847.8333333333,12,5.415453138041326
Anaheim,CA,602000,2021,0,23,350256.8333333333,12,6.566609930522413
Anaheim,CA,602000,2022,0,4,350445.8333333333,12,1.1414032125744586
Anaheim,CA,602000,2023,0,8,347802,12,2.3001592860305577
Anaheim,CA,602000,2024,0,9,347802,12,2.5876791967843773
Anaheim,CA,602000,2025,0,7,347802,9,2.0126393752767378
Anchorage,AK,203000,2018,0,63,294929.0833333333,12,21.36106730742334
Anchorage,AK,203000,2019,0,45,292870.5833333333,12,15.365148485665028
Anchorage,AK,203000,2020,0,39,292298.5833333333,12,13.342521046544016
Anchorage,AK,203000,2021,0,35,291034.75,12,12.02605530782836
Anchorage,AK,203000,2022,0,38,289458.5833333333,12,13.127957569059246
Anchorage,AK,203000,2023,0,40,289705,12,13.807148651214167
Anchorage,AK,203000,2024,0,53,289705,12,18.29447196285877
Anchorage,AK,203000,2025,0,22,289705,9,7.59393175816779
Arlington,TX,4804000,2018,0,10,393843.8333333333,12,2.5390774600592536
Arlington,TX,4804000,2019,0,34,396298.3333333333,12,8.57939515264174
Arlington,TX,4804000,2020,0,50,394993.3333333333,12,12.658441492683421
Arlington,TX,4804000,2021,0,42,395514.6666666667,12,10.61907523024852
Arlington,TX,4804000,2022,0,38,397033.3333333333,12,9.570984803962723
Arlington,TX,4804000,2023,0,27,394344,12,6.846813949242286
Arlington,TX,4804000,2024,0,32,394344,12,8.114742458361228
Arlington,TX,4804000,2025,0,17,394344,9,4.3109569310044025
Atlanta,GA,1304000,2018,0,191,483846.4166666667,12,39.475336268034084
Atlanta,GA,1304000,2019,0,235,492852.5833333333,12,47.68160053268126
Atlanta,GA,1304000,2020,0,418,495149.5833333333,12,84.41893400899896
Atlanta,GA,1304000,2021,0,642,500878.4166666667,12,128.17481820688022
Atlanta,GA,1304000,2022,0,620,508637.5833333333,12,121.89425640489603
Atlanta,GA,1304000,2023,0,589,505692,12,116.4740593088283
Atlanta,GA,1304000,2024,0,706,505692,12,139.6106721087144
Atlanta,GA,1304000,2025,0,954,505692,9,188.65238129137893
Aurora,CO,804000,2018,0,29,366098.75,12,7.921360015569569
Aurora,CO,804000,2019,0,43,373842.3333333333,12,11.502175159403206
Aurora,CO,804000,2020,0,123,381295.75,12,32.258424071078686
Aurora,CO,804000,2021,0,174,387632,12,44.887934948611054
Aurora,CO,804000,2022,0,174,394381.75,12,44.11968860120936
Aurora,CO,804000,2023,0,135,396582,12,34.04087931373587
Aurora,CO,804000,2024,0,117,396582,12,29.502095405237757
Aurora,CO,804000,2025,0,53,396582,9,13.36419706391112
Austin,TX,4805000,2018,0,59,942653.8333333334,12,6.258925377873779
Austin,TX,4805000,2019,0,88,957711.75,12,9.188568481069591
Austin,TX,4805000,2020,0,105,956148.9166666666,12,10.981552995536696
Austin,TX,4805000,2021,0,174,960740.9166666666,12,18.11102212693311
Austin,TX,4805000,2022,0,163,970024.9166666666,12,16.803692070109197
Austin,TX,4805000,2023,0,115,958534,12,11.9974878303743
Austin,TX,4805000,2024,0,84,958534,12,8.763382415229923
Austin,TX,4805000,2025,0,58,958534,9,6.050906905753996
Bakersfield,CA,603526,2018,0,66,376715.5833333333,12,17.519848639125847
Bakersfield,CA,603526,2019,0,65,378816.25,12,17.15871481226056
Bakersfield,CA,603526,2020,0,91,388530.9166666667,12,23.42155954556169
Bakersfield,CA,603526,2021,0,109,396079.75,12,27.519710361360307
Bakersfield,CA,603526,2022,0,76,401568.9166666667,12,18.92576761938123
Bakersfield,CA,603526,2023,0,53,411794,12,12.870512926366095
Bakersfield,CA,603526,2024,0,33,411794,12,8.013715595661909
Bakersfield,CA,603526,2025,0,21,411794,9,5.099637197239397
Baltimore,MD,2404000,2018,0,961,612102.1666666666,12,156.99993437914642
Baltimore,MD,2404000,2019,0,1097,605934.5833333334,12,181.0426455551101
Baltimore,MD,2404000,2020,0,1010,597661.75,12,168.99190888491694
Baltimore,MD,2404000,2021,0,1020,590501.8333333334,12,172.73443407316546
Baltimore,MD,2404000,2022,0,996,583869.75,12,170.5859911392909
Baltimore,MD,2404000,2023,0,842,578419,12,145.5692153957598
Baltimore,MD,2404000,2024,0,619,578419,12,107.01584837289231
Baltimore,MD,2404000,2025,0,356,578419,9,61.547079193456646
Baton Rouge,LA,2205000,2018,0,159,224806.08333333334,12,70.72762339987092
Baton Rouge,LA,2205000,2019,0,188,223251.58333333334,12,84.20992908224989
Baton Rouge,LA,2205000,2020,0,237,223725.5,12,105.93338711948348
Baton Rouge,LA,2205000,2021,0,273,223544.33333333334,12,122.12342667300892
Baton Rouge,LA,2205000,2022,0,269,222721.5,12,120.77864058925609
Baton Rouge,LA,2205000,2023,0,217,224535,12,96.6441757409758
Baton Rouge,LA,2205000,2024,0,260,224535,12,115.79486494310464
Baton Rouge,LA,2205000,2025,0,151,224535,9,67.25009464003385
Birmingham,AL,107000,2018,0,255,212147.5,12,120.19938957564902
Birmingham,AL,107000,2019,0,226,211669.58333333334,12,106.77018230063759
Birmingham,AL,107000,2020,0,192,206943.25,12,92.7790589932264
Birmingham,AL,107000,2021,0,262,203919.75,12,128.4819150670791
Birmingham,AL,107000,2022,0,269,201927.25,12,133.21629448229498
Birmingham,AL,107000,2023,0,298,197218,12,151.10182640529771
Birmingham,AL,107000,2024,0,295,197218,12,149.58066707906985
Birmingham,AL,107000,2025,0,124,197218,9,62.8745854840836
Boston,MA,2507000,2018,0,179,681689.0833333334,12,26.258305197543013
Boston,MA,2507000,2019,0,157,686646.3333333334,12,22.8647547330285
Boston,MA,2507000,2020,0,226,681758,12,33.14959267071307
Boston,MA,2507000,2021,0,155,681219.8333333334,12,22.753301124771518
Boston,MA,2507000,2022,0,161,683586,12,23.552267015415765
Boston,MA,2507000,2023,0,116,674642,12,17.194304534849593
Boston,MA,2507000,2024,0,121,674642,12,17.935438351006905
Boston,MA,2507000,2025,0,94,674642,9,13.93331574375743
Buffalo,NY,3611000,2018,0,159,257042.25,12,61.857535093938836
Buffalo,NY,3611000,2019,0,129,256170.66666666666,12,50.35705363091272
Buffalo,NY,3611000,2020,0,244,265066.0833333333,12,92.05251646366175
Buffalo,NY,3611000,2021,0,249,270516.5,12,92.04614136291131
Buffalo,NY,3611000,2022,0,203,273284.0833333333,12,74.28167697289359
Buffalo,NY,3611000,2023,0,129,284229,12,45.385938802866704
Buffalo,NY,3611000,2024,0,109,284229,12,38.34935914350752
Buffalo,NY,3611000,2025,0,38,284229,9,13.36950135278244
Chandler,AZ,412000,2018,0,0,250492.25,12,0
Chandler,AZ,412000,2019,0,0,254701.33333333334,12,0
Chandler,AZ,412000,2020,0,0,264117.3333333333,12,0
Chandler,AZ,412000,2021,0,1,271649.25,12,0.3681217599533222
Chandler,AZ,412000,2022,0,1,277757.3333333333,12,0.36002649795024916
Chandler,AZ,412000,2023,0,2,286079,12,0.6991075891624342
Chandler,AZ,412000,2024,0,1,286079,12,0.3495537945812171
Chandler,AZ,412000,2025,0,0,286079,9,0
Charlotte,NC,3712000,2018,0,216,848859.0833333334,12,25.445919616222124
Charlotte,NC,3712000,2019,0,282,864824.75,12,32.60776243973129
Charlotte,NC,3712000,2020,0,262,869582.9166666666,12,30.1293867414407
Charlotte,NC,3712000,2021,0,213,877752.4166666666,12,24.266523903048213
Charlotte,NC,3712000,2022,0,230,888988.9166666666,12,25.872088581531813
Charlotte,NC,3712000,2023,0,294,884277,12,33.247500500408805
Charlotte,NC,3712000,2024,0,418,884277,12,47.2702558135064
Charlotte,NC,3712000,2025,0,287,884277,9,32.455893345637165
Chesapeake,VA,5116000,2018,0,23,238810.91666666666,12,9.631050506834033
Chesapeake,VA,5116000,2019,0,24,241203.41666666666,12,9.950107810109103
Chesapeake,VA,5116000,2020,0,35,244720.91666666666,12,14.302005924435692
Chesapeake,VA,5116000,2021,0,37,247793.08333333334,12,14.931813068497673
Chesapeake,VA,5116000,2022,0,46,250600.91666666666,12,18.35587858650424
Chesapeake,VA,5116000,2023,0,33,253052,12,13.040797938763575
Chesapeake,VA,5116000,2024,0,38,253052,12,15.016676414333812
Chesapeake,VA,5116000,2025,0,22,253052,9,8.69386529250905
Chicago,IL,1714000,2018,0,2838,2714420.3333333335,12,104.55270928931297
Chicago,IL,1714000,2019,0,2574,2704864.9166666665,12,95.1618686811193
Chicago,IL,1714000,2020,0,4025,2718950.8333333335,12,148.03504170266655
Chicago,IL,1714000,2021,0,4369,2726991.25,12,160.21320200422352
Chicago,IL,1714000,2022,0,3547,2728716.8333333335,12,129.98783738461685
Chicago,IL,1714000,2023,0,3047,2751885,12,110.72410365985496
Chicago,IL,1714000,2024,0,2731,2751885,12,99.24106566953199
Chicago,IL,1714000,2025,0,1439,2751885,9,52.29142932935061
Chula Vista,CA,613392,2018,0,7,267591.8333333333,12,2.6159243773632856
Chula Vista,CA,613392,2019,0,4,268855.3333333333,12,1.48778897201221
Chula Vista,CA,613392,2020,0,7,271546.8333333333,12,2.577824205892047
Chula Vista,CA,613392,2021,0,17,274505.8333333333,12,6.192946719407906
Chula Vista,CA,613392,2022,0,11,276904.8333333333,12,3.972483927992108
Chula Vista,CA,613392,2023,0,9,280176,12,3.212266575295528
Chula Vista,CA,613392,2024,0,10,280176,12,3.569185083661698
Chula Vista,CA,613392,2025,0,3,280176,9,1.0707555250985097
Cincinnati,OH,3915000,2018,0,206,300832.25,12,68.47670088562646
Cincinnati,OH,3915000,2019,0,233,301986.6666666667,12,77.15572431453927
Cincinnati,OH,3915000,2020,0,247,305426.4166666667,12,80.87054246835775
Cincinnati,OH,3915000,2021,0,248,308149.25,12,80.48048145500923
Cincinnati,OH,3915000,2022,0,243,310280.4166666667,12,78.31625424850907
Cincinnati,OH,3915000,2023,0,294,313518,12,93.7745201232465
Cincinnati,OH,3915000,2024,0,269,313518,12,85.80049630324257
Cincinnati,OH,3915000,2025,0,183,313518,9,58.369854362428946
Cleveland,OH,3916000,2018,0,361,386428.1666666667,12,93.41969119745843
Cleveland,OH,3916000,2019,0,374,384387.75,12,97.29758557602317
Cleveland,OH,3916000,2020,0,424,379448.9166666667,12,111.74099631768614
Cleveland,OH,3916000,2021,0,364,375545.75,12,96.92560759907416
Cleveland,OH,3916000,2022,0,353,372472.9166666667,12,94.77199125216038
Cleveland,OH,3916000,2023,0,589,367885,12,160.10438044497602
Cleveland,OH,3916000,2024,0,485,367885,12,131.83467659730624
Cleveland,OH,3916000,2025,0,313,367885,9,85.08093561846772
Colorado Springs,CO,816000,2018,0,96,460879.4166666667,12,20.829743427103942
Colorado Springs,CO,816000,2019,0,81,467994.5833333333,12,17.30789263052368
Colorado Springs,CO,816000,2020,0,90,473334.1666666667,12,19.014051031600296
Colorado Springs,CO,816000,2021,0,100,479427.1666666667,12,20.858225597701143
Colorado Springs,CO,816000,2022,0,147,485974.1666666667,12,30.248521440611555
Colorado Springs,CO,816000,2023,0,99,487922,12,20.29012834018552
Colorado Springs,CO,816000,2024,0,93,487922,12,19.06042359229549
Colorado Springs,CO,816000,2025,0,59,487922,9,12.092096687585311
Columbus,OH,3918000,2018,0,250,872635.25,12,28.648854146105144
Columbus,OH,3918000,2019,0,272,883377.4166666666,12,30.79091618918264
Columbus,OH,3918000,2020,0,534,893233.3333333334,12,59.782811508750974
Columbus,OH,3918000,2021,0,694,904530.3333333334,12,76.72490069431981
Columbus,OH,3918000,2022,0,559,916233.3333333334,12,61.01065958453086
Columbus,OH,3918000,2023,0,578,921143,12,62.74812922640676
Columbus,OH,3918000,2024,0,413,921143,12,44.83560098703459
Columbus,OH,3918000,2025,0,214,921143,9,23.232006322579664
Corpus Christi,TX,4817000,2018,0,35,325190.6666666667,12,10.762916524869512
Corpus Christi,TX,4817000,2019,0,56,326033,12,17.176175417825803
Corpus Christi,TX,4817000,2020,0,62,322590.1666666667,12,19.219432706411283
Corpus Christi,TX,4817000,2021,0,60,320864.8333333333,12,18.699462754046486
Corpus Christi,TX,4817000,2022,0,61,320310.1666666667,12,19.04404116634866
Corpus Christi,TX,4817000,2023,0,44,315888,12,13.928987489236693
Corpus Christi,TX,4817000,2024,0,58,315888,12,18.36093805399382
Corpus Christi,TX,4817000,2025,0,34,315888,9,10.76330851441017
Dallas,TX,4819000,2018,0,218,1324217.0833333333,12,16.46255759299284
Dallas,TX,4819000,2019,0,318,1334385.9166666667,12,23.831186767496234
Dallas,TX,4819000,2020,0,438,1321151.1666666667,12,33.152905666737354
Dallas,TX,4819000,2021,0,415,1317960.4166666667,12,31.48804734588324
Dallas,TX,4819000,2022,0,343,1321209.1666666667,12,25.9610672294508
Dallas,TX,4819000,2023,0,423,1300297,12,32.53102944942579
Dallas,TX,4819000,2024,0,337,1300297,12,25.917155849778936
Dallas,TX,4819000,2025,0,191,1300297,9,14.688951831773819
Denver,CO,820000,2018,0,125,698989.8333333334,12,17.882949656635446
Denver,CO,820000,2019,0,131,710297.75,12,18.442969867214135
Denver,CO,820000,2020,0,249,711716.75,12,34.98582828070296
Denver,CO,820000,2021,0,271,717452.9166666666,12,37.77251352731045
Denver,CO,820000,2022,0,303,725882.75,12,41.74227862557693
Denver,CO,820000,2023,0,253,720965,12,35.09185605403868
Denver,CO,820000,2024,0,166,720965,12,23.024696067076764
Denver,CO,820000,2025,0,96,720965,9,13.315486882164876
Detroit,MI,2622000,2018,0,593,676094.4166666666,12,87.70964311813945
Detroit,MI,2622000,2019,0,600,673699.75,12,89.06044569557878
Detroit,MI,2622000,2020,0,1246,660116.75,12,188.75448926269482
Detroit,MI,2622000,2021,0,1073,650052.9166666666,12,165.06348521626765
Detroit,MI,2622000,2022,0,975,643012.75,12,151.62996379154222
Detroit,MI,2622000,2023,0,584,628554,12,92.91166709622404
Detroit,MI,2622000,2024,0,545,628554,12,86.70694960178442
Detroit,MI,2622000,2025,0,345,628554,9,54.88788552773508
Durham,NC,3719000,2018,0,71,266781.3333333333,12,26.613556170846536
Durham,NC,3719000,2019,0,104,272744.8333333333,12,38.13087812845829
Durham,NC,3719000,2020,0,177,277608.25,12,63.75891206403268
Durham,NC,3719000,2021,0,192,282851.0833333333,12,67.88024204727282
Durham,NC,3719000,2022,0,119,288544.25,12,41.24150801826756
Durham,NC,3719000,2023,0,124,290042,12,42.75242895856462
Durham,NC,3719000,2024,0,133,290042,12,45.85542783458948
Durham,NC,3719000,2025,0,90,290042,9,31.029988760248514
El Paso,TX,4824000,2018,0,22,680106.0833333334,12,3.2347894746322052
El Paso,TX,4824000,2019,0,77,679843.25,12,11.32614025365406
El Paso,TX,4824000,2020,0,32,678282.1666666666,12,4.717800581026628
El Paso,TX,4824000,2021,0,68,677562.8333333334,12,10.035969603803041
El Paso,TX,4824000,2022,0,59,677346.1666666666,12,8.7104648853848
El Paso,TX,4824000,2023,0,85,675459,12,12.584035448487622
El Paso,TX,4824000,2024,0,36,675459,12,5.329709131124169
El Paso,TX,4824000,2025,0,41,675459,9,6.069946510446971
Fort Wayne,IN,1825000,2018,0,117,264831.1666666667,12,44.179090200234484
Fort Wayne,IN,1825000,2019,0,87,266955.5833333333,12,32.589691106541764
Fort Wayne,IN,1825000,2020,0,103,265764.5833333333,12,38.7561046352113
Fort Wayne,IN,1825000,2021,0,84,265340.75,12,31.657406561185944
Fort Wayne,IN,1825000,2022,0,78,265876.5833333333,12,29.336919792673232
Fort Wayne,IN,1825000,2023,0,74,262788,12,28.159581107204286
Fort Wayne,IN,1825000,2024,0,93,262788,12,35.3897438239189
Fort Wayne,IN,1825000,2025,0,47,262788,9,17.88513935187299
Fort Worth,TX,4827000,2018,0,132,864317.8333333334,12,15.272159720565757
Fort Worth,TX,4827000,2019,0,174,882568.5,12,19.715183580651246
Fort Worth,TX,4827000,2020,0,249,899668,12,27.67687635883459
Fort Worth,TX,4827000,2021,0,275,917829.0833333334,12,29.962005453266578
Fort Worth,TX,4827000,2022,0,260,936338,12,27.767750534529196
Fort Worth,TX,4827000,2023,0,248,945139,12,26.239526672796277
Fort Worth,TX,4827000,2024,0,202,945139,12,21.37251769316471
Fort Worth,TX,4827000,2025,0,121,945139,9,12.80234970729173
Fremont,CA,626000,2018,0,7,234300.75,12,2.987613142510214
Fremont,CA,626000,2019,0,1,235322.41666666666,12,0.4249488910427502
Fremont,CA,626000,2020,0,11,233304.16666666666,12,4.714875073669923
Fremont,CA,626000,2021,0,7,233149.75,12,3.0023622157004244
Fremont,CA,626000,2022,0,5,233572.16666666666,12,2.140666018282715
Fremont,CA,626000,2023,0,4,231770,12,1.7258489019286363
Fremont,CA,626000,2024,0,5,231770,12,2.1573111274107952
Fremont,CA,626000,2025,0,6,231770,9,2.588773352892954
Fresno,CA,627000,2018,0,108,523529.6666666667,12,20.629203438964616
Fresno,CA,627000,2019,0,169,525531.1666666666,12,32.157940521764175
Fresno,CA,627000,2020,0,267,531890.3333333334,12,50.19831782366165
Fresno,CA,627000,2021,0,225,537435.4166666666,12,41.86549546650954
Fresno,CA,627000,2022,0,187,541710.3333333334,12,34.52029405629454
Fresno,CA,627000,2023,0,128,548498,12,23.336457015340073
Fresno,CA,627000,2024,0,101,548498,12,18.413923113666776
Fresno,CA,627000,2025,0,60,548498,9,10.938964225940659
Garland,TX,4829000,2018,0,13,238181.83333333334,12,5.458014919973605
Garland,TX,4829000,2019,0,13,238511.5,12,5.450470941652709
Garland,TX,4829000,2020,0,7,241579.66666666666,12,2.897594858286914
Garland,TX,4829000,2021,0,22,244205.58333333334,12,9.00880303378267
Garland,TX,4829000,2022,0,12,246135.66666666666,12,4.875360065654849
Garland,TX,4829000,2023,0,10,249631,12,4.005912727185326
Garland,TX,4829000,2024,0,16,249631,12,6.409460363496521
Garland,TX,4829000,2025,0,11,249631,9,4.406503999903858
Glendale,AZ,427820,2018,0,18,246567.75,12,7.300224786088205
Glendale,AZ,427820,2019,0,24,248948.25,12,9.640557826777252
Glendale,AZ,427820,2020,0,32,248179.33333333334,12,12.893901990227496
Glendale,AZ,427820,2021,0,16,248745.25,12,6.432283631546733
Glendale,AZ,427820,2022,0,39,250251.33333333334,12,15.58433255100872
Glendale,AZ,427820,2023,0,38,247757,12,15.337609028201019
Glendale,AZ,427820,2024,0,33,247757,12,13.319502577121938
Glendale,AZ,427820,2025,0,24,247757,9,9.68691096517959
Greensboro,NC,3728000,2018,0,88,289903.3333333333,12,30.354945901507403
Greensboro,NC,3728000,2019,0,119,292720.1666666667,12,40.6531607832509
Greensboro,NC,3728000,2020,0,158,294893.6666666667,12,53.57863455867143
Greensboro,NC,3728000,2021,0,169,297429.0833333333,12,56.82026724017406
Greensboro,NC,3728000,2022,0,122,300227.6666666667,12,40.635828587860544
Greensboro,NC,3728000,2023,0,128,300817,12,42.55078669091175
Greensboro,NC,3728000,2024,0,76,300817,12,25.264529597728853
Greensboro,NC,3728000,2025,0,54,300817,9,17.951113135228397
Henderson,NV,3231900,2018,0,16,295365.5833333333,12,5.417015692699471
Henderson,NV,3231900,2019,0,14,304625.5833333333,12,4.595805725443831
Henderson,NV,3231900,2020,0,19,310548.5833333333,12,6.118205337168124
Henderson,NV,3231900,2021,0,14,316713.75,12,4.420395388580382
Henderson,NV,3231900,2022,0,11,323764.5833333333,12,3.39753035577548
Henderson,NV,3231900,2023,0,13,324466,12,4.006583124271881
Henderson,NV,3231900,2024,0,11,324466,12,3.3901857205377453
Henderson,NV,3231900,2025,0,8,324466,9,2.4655896149365417
Hialeah,FL,1230000,2018,0,8,236026.41666666666,12,3.3894511101688125
Hialeah,FL,1230000,2019,0,12,234235.16666666666,12,5.123056529371124
Hialeah,FL,1230000,2020,0,12,229515.41666666666,12,5.228406951602743
Hialeah,FL,1230000,2021,0,8,225706.75,12,3.544422131814844
Hialeah,FL,1230000,2022,0,6,222935.41666666666,12,2.691362408769356
Hialeah,FL,1230000,2023,0,4,217782,12,1.8366990844055064
Hialeah,FL,1230000,2024,0,11,217782,12,5.050922482115143
Hialeah,FL,1230000,2025,0,5,217782,9,2.295873855506883
Houston,TX,4835000,2018,0,578,2302604.9166666665,12,25.102004943024856
Houston,TX,4835000,2019,0,533,2311718.0833333335,12,23.05644463495531
Houston,TX,4835000,2020,0,938,2304094.25,12,40.710140221043474
Houston,TX,4835000,2021,0,1265,2308379.0833333335,12,54.80035792792409
Houston,TX,4835000,2022,0,1027,2317070.25,12,44.32321376531419
Houston,TX,4835000,2023,0,875,2306264,12,37.94014908960986
Houston,TX,4835000,2024,0,673,2306264,12,29.1813946712085
Houston,TX,4835000,2025,0,424,2306264,9,18.384712244565236
Indianapolis,IN,1836003,2018,0,365,860758.25,12,42.40447303293347
Indianapolis,IN,1836003,2019,0,438,866711.1666666666,12,50.53586671607439
Indianapolis,IN,1836003,2020,0,573,874298.9166666666,12,65.5382260090871
Indianapolis,IN,1836003,2021,0,639,881304.3333333334,12,72.50616794122953
Indianapolis,IN,1836003,2022,0,631,887634.9166666666,12,71.08778487101351
Indianapolis,IN,1836003,2023,0,588,893440,12,65.81303724928367
Indianapolis,IN,1836003,2024,0,534,893440,12,59.768982808022926
Indianapolis,IN,1836003,2025,0,370,893440,9,41.412965616045845
Irvine,CA,636770,2018,0,0,269010.5833333333,12,0
Irvine,CA,636770,2019,0,1,272944.75,12,0.36637451352334127
Irvine,CA,636770,2020,0,1,284232.0833333333,12,0.35182516634733646
Irvine,CA,636770,2021,0,0,295723.9166666667,12,0
Irvine,CA,636770,2022,0,3,304728.0833333333,12,0.9844842546784197
Irvine,CA,636770,2023,0,1,318364,12,0.31410586624115794
Irvine,CA,636770,2024,0,1,318364,12,0.31410586624115794
Irvine,CA,636770,2025,0,1,318364,9,0.31410586624115794
Irving,TX,4837000,2018,0,7,239162.25,12,2.9268833187511825
Irving,TX,4837000,2019,0,5,240100.16666666666,12,2.0824641937635753
Irving,TX,4837000,2020,0,5,246758.25,12,2.026274704087908
Irving,TX,4837000,2021,0,11,252148.58333333334,12,4.362507159303889
Irving,TX,4837000,2022,0,3,256026.25,12,1.1717548493562673
Irving,TX,4837000,2023,0,5,263452,12,1.897878930507265
Irving,TX,4837000,2024,0,12,263452,12,4.5549094332174365
Irving,TX,4837000,2025,0,7,263452,9,2.657030502710171
Jacksonville,FL,1235000,2018,0,312,884205.3333333334,12,35.28592152049147
Jacksonville,FL,1235000,2019,0,367,895976.6666666666,12,40.96088811836618
Jacksonville,FL,1235000,2020,0,481,918622.25,12,52.36102217206257
Jacksonville,FL,1235000,2021,0,372,937683.5833333334,12,39.672231295507196
Jacksonville,FL,1235000,2022,0,390,953810.25,12,40.888635868612234
Jacksonville,FL,1235000,2023,0,384,972878,12,39.47051942792416
Jacksonville,FL,1235000,2024,0,236,972878,12,24.257923398411723
Jacksonville,FL,1235000,2025,0,184,972878,9,18.912957225880326
Jersey City,NJ,3436000,2018,0,85,261834.91666666666,12,32.4632028004923
Jersey City,NJ,3436000,2019,0,77,262266.3333333333,12,29.359467920015152
Jersey City,NJ,3436000,2020,0,82,273878.4166666667,12,29.940292848925356
Jersey City,NJ,3436000,2021,0,79,280781.5833333333,12,28.135748456911497
Jersey City,NJ,3436000,2022,0,62,284486.4166666667,12,21.79365915830193
Jersey City,NJ,3436000,2023,0,45,297754,12,15.113147094581434
Jersey City,NJ,3436000,2024,0,32,297754,12,10.747126822813463
Jersey City,NJ,3436000,2025,0,24,297754,9,8.060345117110097
Kansas City,MO,2938000,2018,0,253,483702.75,12,52.304850447924885
Kansas City,MO,2938000,2019,0,315,488582.9166666667,12,64.4721682348356
Kansas City,MO,2938000,2020,0,334,496400.8333333333,12,67.28433507195966
Kansas City,MO,2938000,2021,0,280,503226.25,12,55.64097659849819
Kansas City,MO,2938000,2022,0,276,509212.8333333333,12,54.20130482440709
Kansas City,MO,2938000,2023,0,301,515409,12,58.40022195964758
Kansas City,MO,2938000,2024,0,287,515409,12,55.6839325661756
Kansas City,MO,2938000,2025,0,179,515409,9,34.72970010224889
Laredo,TX,4841464,2018,0,19,258297.33333333334,12,7.355863784888733
Laredo,TX,4841464,2019,0,16,259801.83333333334,12,6.158540066756008
Laredo,TX,4841464,2020,0,7,257878.75,12,2.7144539827341334
Laredo,TX,4841464,2021,0,11,257249.91666666666,12,4.275997497893586
Laredo,TX,4841464,2022,0,27,257574.75,12,10.482393945835142
Laredo,TX,4841464,2023,0,38,254393,12,14.937517934848836
Laredo,TX,4841464,2024,0,24,254393,12,9.434221853588738
Laredo,TX,4841464,2025,0,18,254393,9,7.075666390191554
Las Vegas,NV,3240000,2018,0,83,630366,12,13.166953801442338
Las Vegas,NV,3240000,2019,0,66,639274.25,12,10.324207489977892
Las Vegas,NV,3240000,2020,0,68,640098.6666666666,12,10.623362231655955
Las Vegas,NV,3240000,2021,0,98,642288.9166666666,12,15.257931042714812
Las Vegas,NV,3240000,2022,0,91,646660.6666666666,12,14.072295516143965
Las Vegas,NV,3240000,2023,0,79,641348,12,12.317805621908853
Las Vegas,NV,3240000,2024,0,69,641348,12,10.758589720401403
Las Vegas,NV,3240000,2025,0,45,641348,9,7.016471556783525
Lexington-Fayette,KY,2146027,2018,0,90,319589.75,12,28.161103414612015
Lexington-Fayette,KY,2146027,2019,0,129,321333.8333333333,12,40.14516574922342
Lexington-Fayette,KY,2146027,2020,0,133,321812.25,12,41.328445390130426
Lexington-Fayette,KY,2146027,2021,0,170,323172.6666666667,12,52.60345862583263
Lexington-Fayette,KY,2146027,2022,0,167,324934.25,12,51.395012991089736
Lexington-Fayette,KY,2146027,2023,0,118,324476,12,36.36632601486705
Lexington-Fayette,KY,2146027,2024,0,99,324476,12,30.510731148066423
Lexington-Fayette,KY,2146027,2025,0,63,324476,9,19.415919821496814
Lincoln,NE,3128000,2018,0,15,282219.4166666667,12,5.315013466177174
Lincoln,NE,3128000,2019,0,18,285007.25,12,6.31562881295125
Lincoln,NE,3128000,2020,0,17,287647.5,12,5.91001138546311
Lincoln,NE,3128000,2021,0,26,290585.25,12,8.947460340812206
Lincoln,NE,3128000,2022,0,28,293557.5,12,9.538165436073001
Lincoln,NE,3128000,2023,0,14,295046,12,4.745022810002508
Lincoln,NE,3128000,2024,0,13,295046,12,4.406092609288043
Lincoln,NE,3128000,2025,0,12,295046,9,4.067162408573578
Long Beach,CA,643000,2018,0,67,467917.25,12,14.318771107498174
Long Beach,CA,643000,2019,0,98,464624.1666666667,12,21.092316549756163
Long Beach,CA,643000,2020,0,104,464136.1666666667,12,22.40721742218609
Long Beach,CA,643000,2021,0,73,463610.5833333333,12,15.745973587387546
Long Beach,CA,643000,2022,0,69,462174.1666666667,12,14.92943677437618
Long Beach,CA,643000,2023,0,117,464603,12,25.182790468421423
Long Beach,CA,643000,2024,0,122,464603,12,26.25897809527704
Long Beach,CA,643000,2025,0,83,464603,9,17.864714605803236
Los Angeles,CA,644000,2018,0,190,3962993.25,12,4.794355882387637
Los Angeles,CA,644000,2019,0,219,3969842.75,12,5.516591305789127
Los Angeles,CA,644000,2020,0,286,3940810.5833333335,12,7.257390172711295
Los Angeles,CA,644000,2021,0,339,3924059.5833333335,12,8.639012553220022
Los Angeles,CA,644000,2022,0,500,3917142.5833333335,12,12.764406435635022
Los Angeles,CA,644000,2023,0,842,3878772,12,21.70790136672122
Los Angeles,CA,644000,2024,0,741,3878772,12,19.10398445693637
Los Angeles,CA,644000,2025,0,311,3878772,9,8.018001573693942
Louisville/Jefferson County,KY,2148006,2018,0,244,617379.4166666666,12,39.52188774245119
Louisville/Jefferson County,KY,2148006,2019,0,287,618222.25,12,46.4234342908234
Louisville/Jefferson County,KY,2148006,2020,0,470,624016.25,12,75.31855139990346
Louisville/Jefferson County,KY,2148006,2021,0,499,628364.75,12,79.41247499959219
Louisville/Jefferson County,KY,2148006,2022,0,426,631408.25,12,67.46823469601482
Louisville/Jefferson County,KY,2148006,2023,0,480,637652,12,75.27616944665742
Louisville/Jefferson County,KY,2148006,2024,0,472,637652,12,74.02156662254647
Louisville/Jefferson County,KY,2148006,2025,0,248,637652,9,38.89268754743967
Lubbock,TX,4845000,2018,0,40,251989.83333333334,12,15.873656278460968
Lubbock,TX,4845000,2019,0,53,255300.25,12,20.759869996210345
Lubbock,TX,4845000,2020,0,66,256336.5,12,25.74740624140534
Lubbock,TX,4845000,2021,0,82,258096.33333333334,12,31.77108289023866
Lubbock,TX,4845000,2022,0,77,260444.5,12,29.564840109889058
Lubbock,TX,4845000,2023,0,44,259645,12,16.946215024360185
Lubbock,TX,4845000,2024,0,59,259645,12,22.723333782664792
Lubbock,TX,4845000,2025,0,39,259645,9,15.020508771591981
Madison,WI,5548000,2018,0,32,253411.08333333334,12,12.627703405500878
Madison,WI,5548000,2019,0,27,256530.25,12,10.525074528247643
Madison,WI,5548000,2020,0,50,261611.41666666666,12,19.112315753294407
Madison,WI,5548000,2021,0,38,266003.8333333333,12,14.285508416858654
Madison,WI,5548000,2022,0,28,269907.4166666667,12,10.37392760295274
Madison,WI,5548000,2023,0,21,273743,12,7.6714290411079
Madison,WI,5548000,2024,0,42,273743,12,15.3428580822158
Madison,WI,5548000,2025,0,23,273743,9,8.402041330737223
Memphis,TN,4748000,2018,0,539,652644.8333333334,12,82.5870324058338
Memphis,TN,4748000,2019,0,594,651463.5833333334,12,91.17930997166252
Memphis,TN,4748000,2020,0,698,643223.25,12,108.5159779283476
Memphis,TN,4748000,2021,0,726,637108.5833333334,12,113.95231817496311
Memphis,TN,4748000,2022,0,709,632931.25,12,112.01848542001994
Memphis,TN,4748000,2023,0,940,623847,12,150.67797072038496
Memphis,TN,4748000,2024,0,921,623847,12,147.6323521632708
Memphis,TN,4748000,2025,0,605,623847,9,96.97890668705628
Mesa,AZ,446000,2018,0,12,495101.75,12,2.4237442101547813
Mesa,AZ,446000,2019,0,9,503935.75,12,1.7859419578785587
Mesa,AZ,446000,2020,0,30,503800.25,12,5.954740991097166
Mesa,AZ,446000,2021,0,35,507094.6666666667,12,6.902064308833854
Mesa,AZ,446000,2022,0,30,513018.25,12,5.847745182554422
Mesa,AZ,446000,2023,0,36,506970,12,7.101011894194922
Mesa,AZ,446000,2024,0,14,506970,12,2.7615046255202476
Mesa,AZ,446000,2025,0,14,506970,9,2.7615046255202476
Miami,FL,1245000,2018,0,89,452618.75,12,19.663348016404534
Miami,FL,1245000,2019,0,85,457396.1666666667,12,18.583452637884662
Miami,FL,1245000,2020,0,80,451788.25,12,17.7074104959569
Miami,FL,1245000,2021,0,101,449594.6666666667,12,22.46467929631431
Miami,FL,1245000,2022,0,90,450688.25,12,19.969457823673014
Miami,FL,1245000,2023,0,73,439707,12,16.601964489989925
Miami,FL,1245000,2024,0,71,439707,12,16.14711614779842
Miami,FL,1245000,2025,0,57,439707,9,12.963177752457888
Milwaukee,WI,5553000,2018,0,474,595814.4166666666,12,79.5549732837672
Milwaukee,WI,5553000,2019,0,505,593677.6666666666,12,85.06299434092462
Milwaukee,WI,5553000,2020,0,943,586025.6666666666,12,160.9144536900261
Milwaukee,WI,5553000,2021,0,1085,580034.5833333334,12,187.05781192644403
Milwaukee,WI,5553000,2022,0,1051,575581.6666666666,12,182.5978937248986
Milwaukee,WI,5553000,2023,0,993,567754,12,174.89969247244406
Milwaukee,WI,5553000,2024,0,785,567754,12,138.26410734226442
Milwaukee,WI,5553000,2025,0,504,567754,9,88.77084089235831
Minneapolis,MN,2743000,2018,0,130,417993.25,12,31.10098069765481
Minneapolis,MN,2743000,2019,0,131,422254.5,12,31.023944090589914
Minneapolis,MN,2743000,2020,0,448,424790.3333333333,12,105.46379351068097
Minneapolis,MN,2743000,2021,0,556,427962.4166666667,12,129.91795034961208
Minneapolis,MN,2743000,2022,0,512,431610.3333333333,12,118.62551946933617
Minneapolis,MN,2743000,2023,0,402,431911,12,93.07473067368046
Minneapolis,MN,2743000,2024,0,364,431911,12,84.27662180402906
Minneapolis,MN,2743000,2025,0,252,431911,9,58.34535355663551
Nashville-Davidson,TN,4752006,2018,0,246,661752.3333333334,12,37.17402834998189
Nashville-Davidson,TN,4752006,2019,0,253,665271.6666666666,12,38.029576889641575
Nashville-Davidson,TN,4752006,2020,0,305,674209,12,45.238197650876806
Nashville-Davidson,TN,4752006,2021,0,284,682029.0833333334,12,41.640453015872126
Nashville-Davidson,TN,4752006,2022,0,253,688439,12,36.74980644617751
Nashville-Davidson,TN,4752006,2023,0,273,696876,12,39.174831677371586
Nashville-Davidson,TN,4752006,2024,0,279,696876,12,40.03581698896217
Nashville-Davidson,TN,4752006,2025,0,152,696876,9,21.811627893628135
New Orleans,LA,2255000,2018,0,460,390196.6666666667,12,117.88926951366405
New Orleans,LA,2255000,2019,0,520,391030.1666666667,12,132.98206745344882
New Orleans,LA,2255000,2020,0,664,387914.6666666667,12,171.17166662083756
New Orleans,LA,2255000,2021,0,783,386344.0833333333,12,202.66908017443
New Orleans,LA,2255000,2022,0,928,385810.6666666667,12,240.5324891656702
New Orleans,LA,2255000,2023,0,716,381870,12,187.49836331735932
New Orleans,LA,2255000,2024,0,405,381870,12,106.05703511666273
New Orleans,LA,2255000,2025,0,252,381870,9,65.99104407259016
New York,NY,3651000,2018,1,537,8432531.083333334,12,6.368194729354343
New York,NY,3651000,2019,1,748,8401090.833333334,12,8.90360567263636
New York,NY,3651000,2020,1,1601,8542945.583333334,12,18.740608662232788
New York,NY,3651000,2021,1,1542,8612981.25,12,17.90320860155129
New York,NY,3651000,2022,1,1316,8630933.583333334,12,15.24748148382519
New York,NY,3651000,2023,1,977,8824035,12,11.072032239219359
New York,NY,3651000,2024,1,926,8824035,12,10.494065356721727
New York,NY,3651000,2025,1,574,8824035,9,6.504960599091006
Newark,NJ,3451000,2018,0,181,280733.8333333333,12,64.4738818441905
Newark,NJ,3451000,2019,0,238,281449.5833333333,12,84.56221436935864
Newark,NJ,3451000,2020,0,256,293068.25,12,87.35166637805358
Newark,NJ,3451000,2021,0,294,300468.3333333333,12,97.84724957150229
Newark,NJ,3451000,2022,0,200,304790.25,12,65.61889692993789
Newark,NJ,3451000,2023,0,171,317969,12,53.778827495762165
Newark,NJ,3451000,2024,0,126,317969,12,39.6265044705616
Newark,NJ,3451000,2025,0,86,317969,9,27.046661781494425
Norfolk,VA,5157000,2018,0,93,245137.75,12,37.937853309006876
Norfolk,VA,5157000,2019,0,129,244463.08333333334,12,52.768703659073275
Norfolk,VA,5157000,2020,0,154,241667.33333333334,12,63.723962140794086
Norfolk,VA,5157000,2021,0,203,239539.58333333334,12,84.74591012271806
Norfolk,VA,5157000,2022,0,201,238069.33333333334,12,84.42918589542542
Norfolk,VA,5157000,2023,0,99,234958,12,42.13519011908512
Norfolk,VA,5157000,2024,0,68,234958,12,28.941342708058464
Norfolk,VA,5157000,2025,0,64,234958,9,27.238910784055022
North Las Vegas,NV,3251800,2018,0,22,238994.83333333334,12,9.205219917585387
North Las Vegas,NV,3251800,2019,0,21,244063.58333333334,12,8.604315200649557
North Las Vegas,NV,3251800,2020,0,39,252926.75,12,15.419484099645452
North Las Vegas,NV,3251800,2021,0,41,259745.25,12,15.784696736513949
North Las Vegas,NV,3251800,2022,0,37,265550.75,12,13.933306533685181
North Las Vegas,NV,3251800,2023,0,34,272262,12,12.487971145440788
North Las Vegas,NV,3251800,2024,0,39,272262,12,14.324437490358552
North Las Vegas,NV,3251800,2025,0,18,272262,9,6.611278841703947
Oakland,CA,653000,2018,0,280,422900.5833333333,12,66.20941446640236
Oakland,CA,653000,2019,0,279,423941.0833333333,12,65.81103152501734
Oakland,CA,653000,2020,0,394,429437.6666666667,12,91.74789045829701
Oakland,CA,653000,2021,0,445,435292.5833333333,12,102.23009006777244
Oakland,CA,653000,2022,0,391,439489.6666666667,12,88.96682440011861
Oakland,CA,653000,2023,0,369,447600,12,82.4396782841823
Oakland,CA,653000,2024,0,282,447600,12,63.002680965147455
Oakland,CA,653000,2025,0,143,447600,9,31.94816800714924
Oklahoma City,OK,4055000,2018,0,165,640221,12,25.772350485223072
Oklahoma City,OK,4055000,2019,0,191,646501.1666666666,12,29.54364351495112
Oklahoma City,OK,4055000,2020,0,155,660528.5833333334,12,23.466054900727865
Oklahoma City,OK,4055000,2021,0,201,672556.9166666666,12,29.885946455832794
Oklahoma City,OK,4055000,2022,0,180,682524.5833333334,12,26.372676442057337
Oklahoma City,OK,4055000,2023,0,180,695179,12,25.892611830909736
Oklahoma City,OK,4055000,2024,0,183,695179,12,26.3241553614249
Oklahoma City,OK,4055000,2025,0,89,695179,9,12.802458071949815
Omaha,NE,3137000,2018,0,123,470039.0833333333,12,26.168036735952278
Omaha,NE,3137000,2019,0,129,477542.75,12,27.01328833910681
Omaha,NE,3137000,2020,0,167,483438.5833333333,12,34.544201840185494
Omaha,NE,3137000,2021,0,146,489873.0833333333,12,29.803637915058616
Omaha,NE,3137000,2022,0,138,495926.5833333333,12,27.826699482903972
Omaha,NE,3137000,2023,0,107,500547,12,21.376613984301173
Omaha,NE,3137000,2024,0,107,500547,12,21.376613984301173
Omaha,NE,3137000,2025,0,75,500547,9,14.983607932921384
Orlando,FL,1253000,2018,0,78,278046.75,12,28.05283643847662
Orlando,FL,1253000,2019,0,69,282658.4166666667,12,24.411089828388267
Orlando,FL,1253000,2020,0,83,293136.25,12,28.31447833558627
Orlando,FL,1253000,2021,0,97,302337.75,12,32.08332403082314
Orlando,FL,1253000,2022,0,105,309912.25,12,33.880558125727525
Orlando,FL,1253000,2023,0,88,319744,12,27.522017614091276
Orlando,FL,1253000,2024,0,62,319744,12,19.390512409927943
Orlando,FL,1253000,2025,0,18,319744,9,5.6295036028823064
Philadelphia,PA,4260000,2018,0,1427,1577150.4166666667,12,90.47963877890531
Philadelphia,PA,4260000,2019,0,1406,1580200.6666666667,12,88.97604143946275
Philadelphia,PA,4260000,2020,0,2292,1588559.0833333333,12,144.28169679346203
Philadelphia,PA,4260000,2021,0,2323,1596072.0833333333,12,145.54480491560923
Philadelphia,PA,4260000,2022,0,2232,1602163.0833333333,12,139.31166079275013
Philadelphia,PA,4260000,2023,0,1748,1610469,12,108.53981045273147
Philadelphia,PA,4260000,2024,0,1121,1610469,12,69.60705235555605
Philadelphia,PA,4260000,2025,0,767,1610469,9,47.62587792748572
Phoenix,AZ,455000,2018,0,178,1620587.9166666667,12,10.983668221229385
Phoenix,AZ,455000,2019,0,222,1644660.9166666667,12,13.498223113974202
Phoenix,AZ,455000,2020,0,272,1627574.75,12,16.7119820456787
Phoenix,AZ,455000,2021,0,292,1625792.3333333333,12,17.960473426597943
Phoenix,AZ,455000,2022,0,349,1635922.75,12,21.33352568145409
Phoenix,AZ,455000,2023,0,354,1599467,12,22.13237284670456
Phoenix,AZ,455000,2024,0,289,1599467,12,18.068519075416997
Phoenix,AZ,455000,2025,0,194,1599467,9,12.129040486612103
Pittsburgh,PA,4261000,2018,0,131,302953.5833333333,12,43.240947526890125
Pittsburgh,PA,4261000,2019,0,144,301783.75,12,47.71628691074321
Pittsburgh,PA,4261000,2020,0,191,302166.4166666667,12,63.210201221898416
Pittsburgh,PA,4261000,2021,0,210,301913.1666666667,12,69.55642323206617
Pittsburgh,PA,4261000,2022,0,261,301264.4166666667,12,86.6348581381859
Pittsburgh,PA,4261000,2023,0,182,302305,12,60.204098509783165
Pittsburgh,PA,4261000,2024,0,122,302305,12,40.35659350655795
Pittsburgh,PA,4261000,2025,0,89,302305,9,29.44046575478407
Plano,TX,4858016,2018,0,6,285717.9166666667,12,2.099973312839149
Plano,TX,4858016,2019,0,2,287891.75,12,0.6947055620732446
Plano,TX,4858016,2020,0,9,285804.25,12,3.149008455962429
Plano,TX,4858016,2021,0,4,285387.9166666667,12,1.4016010371847674
Plano,TX,4858016,2022,0,5,286112.25,12,1.7475658592038612
Plano,TX,4858016,2023,0,8,282489,12,2.8319686784264166
Plano,TX,4858016,2024,0,5,282489,12,1.7699804240165102
Plano,TX,4858016,2025,0,4,282489,9,1.4159843392132083
Portland,OR,4159000,2018,0,87,642093,12,13.549439099943465
Portland,OR,4159000,2019,0,74,647623.4166666666,12,11.426393502087956
Portland,OR,4159000,2020,0,167,648911.5,12,25.735404596774753
Portland,OR,4159000,2021,0,228,652504.5833333334,12,34.9422832917521
Portland,OR,4159000,2022,0,233,657333.5,12,35.44623847712006
Portland,OR,4159000,2023,0,163,655598,12,24.862797018904878
Portland,OR,4159000,2024,0,117,655598,12,17.846302154674053
Portland,OR,4159000,2025,0,67,655598,9,10.219677302249245
Raleigh,NC,3755000,2018,0,60,460516.75,12,13.028842056233568
Raleigh,NC,3755000,2019,0,83,466874.25,12,17.777806336502817
Raleigh,NC,3755000,2020,0,112,466270.1666666667,12,24.020408768736008
Raleigh,NC,3755000,2021,0,103,468567.3333333333,12,21.981899435299944
Raleigh,NC,3755000,2022,0,111,472642.1666666667,12,23.484997283004443
Raleigh,NC,3755000,2023,0,124,468591,12,26.4623093486644
Raleigh,NC,3755000,2024,0,99,468591,12,21.12716633482077
Raleigh,NC,3755000,2025,0,77,468591,9,16.432240482638377
Reno,NV,3260600,2018,0,32,244405.33333333334,12,13.093003971544537
Reno,NV,3260600,2019,0,26,248518.08333333334,12,10.46201533959467
Reno,NV,3260600,2020,0,42,255032.58333333334,12,16.468483929014297
Reno,NV,3260600,2021,0,36,260408,12,13.824460078031397
Reno,NV,3260600,2022,0,25,265122.5833333333,12,9.4296003326763
Reno,NV,3260600,2023,0,39,270003,12,14.44428395240053
Reno,NV,3260600,2024,0,30,270003,12,11.110987655692716
Reno,NV,3260600,2025,0,31,270003,9,11.481353910882472
Riverside,CA,662000,2018,0,22,325071.25,12,6.767747070834471
Riverside,CA,662000,2019,0,25,326943.3333333333,12,7.646585035123315
Riverside,CA,662000,2020,0,21,321743.1666666667,12,6.526945146206161
Riverside,CA,662000,2021,0,19,319145.75,12,5.953392768037801
Riverside,CA,662000,2022,0,20,318387.1666666667,12,6.281660221857769
Riverside,CA,662000,2023,0,8,311502,12,2.5682018092981744
Riverside,CA,662000,2024,0,11,311502,12,3.5312774877849904
Riverside,CA,662000,2025,0,8,311502,9,2.5682018092981744
Rochester,NY,3663000,2018,0,116,207351.75,12,55.94358378938206
Rochester,NY,3663000,2019,0,131,206622.91666666666,12,63.4005182548725
Rochester,NY,3663000,2020,0,251,208530.83333333334,12,120.36589313330961
Rochester,NY,3663000,2021,0,370,209301.08333333334,12,176.77882699285277
Rochester,NY,3663000,2022,0,361,209348.83333333334,12,172.4394610908587
Rochester,NY,3663000,2023,0,288,211918,12,135.9016223256165
Rochester,NY,3663000,2024,0,213,211918,12,100.5105748449872
Rochester,NY,3663000,2025,0,137,211918,9,64.64764673128285
Sacramento,CA,664000,2018,0,53,497723.8333333333,12,10.648475409556102
Sacramento,CA,664000,2019,0,54,502099.6666666667,12,10.754836855099818
Sacramento,CA,664000,2020,0,85,510413.3333333333,12,16.653169979885583
Sacramento,CA,664000,2021,0,85,518309.3333333333,12,16.399473158885815
Sacramento,CA,664000,2022,0,115,524891.3333333334,12,21.909296781429042
Sacramento,CA,664000,2023,0,86,533083,12,16.13257222608862
Sacramento,CA,664000,2024,0,94,533083,12,17.63327661921314
Sacramento,CA,664000,2025,0,59,533083,9,11.067694899293356
San Antonio,TX,4865000,2018,0,271,1496403.5833333333,12,18.110087613953077
San Antonio,TX,4865000,2019,0,312,1517730.9166666667,12,20.55700365419408
San Antonio,TX,4865000,2020,0,474,1485777.8333333333,12,31.90248160699665
San Antonio,TX,4865000,2021,0,456,1471688.3333333333,12,30.984821288021813
San Antonio,TX,4865000,2022,0,531,1472235.8333333333,12,36.06759107321461
San Antonio,TX,4865000,2023,0,501,1420998,12,35.25691098791131
San Antonio,TX,4865000,2024,0,374,1420998,12,26.319530358241177
San Antonio,TX,4865000,2025,0,266,1420998,9,18.71923816923036
San Bernardino,CA,665000,2018,0,56,215597.75,12,25.97429704159714
San Bernardino,CA,665000,2019,0,46,216407.58333333334,12,21.256186724818253
San Bernardino,CA,665000,2020,0,73,218634.25,12,33.38909617317506
San Bernardino,CA,665000,2021,0,41,220246.75,12,18.615484677980493
San Bernardino,CA,665000,2022,0,45,221418.25,12,20.323527983804407
San Bernardino,CA,665000,2023,0,12,223605,12,5.366606292345878
San Bernardino,CA,665000,2024,0,11,223605,12,4.919389101317055
San Bernardino,CA,665000,2025,0,7,223605,9,3.130520337201762
San Diego,CA,666000,2018,0,76,1405434.1666666667,12,5.407581642920545
San Diego,CA,666000,2019,0,85,1411851.8333333333,12,6.020461778862301
San Diego,CA,666000,2020,0,96,1401185.9166666667,12,6.851339201893919
San Diego,CA,666000,2021,0,122,1397481.0833333333,12,8.729992946237259
San Diego,CA,666000,2022,0,127,1398401.9166666667,12,9.08179533268422
San Diego,CA,666000,2023,0,82,1382614,12,5.930794856698977
San Diego,CA,666000,2024,0,56,1382614,12,4.050298926526131
San Diego,CA,666000,2025,0,31,1382614,9,2.242129762898394
San Francisco,CA,667000,2018,0,108,872297.6666666666,12,12.381094679835973
San Francisco,CA,667000,2019,0,92,874879.8333333334,12,10.515729874521815
San Francisco,CA,667000,2020,0,117,870727.25,12,13.437043574781885
San Francisco,CA,667000,2021,0,127,870372.8333333334,12,14.591448071008648
San Francisco,CA,667000,2022,0,139,871563.25,12,15.94835486695888
San Francisco,CA,667000,2023,0,111,866769,12,12.80618019333871
San Francisco,CA,667000,2024,0,88,866769,12,10.152647360484742
San Francisco,CA,667000,2025,0,54,866769,9,6.230033607570184
San Jose,CA,668000,2018,0,39,1027131,12,3.7969840263802768
San Jose,CA,668000,2019,0,47,1028477.8333333334,12,4.569860280573216
San Jose,CA,668000,2020,0,67,1022042.6666666666,12,6.55549931379251
San Jose,CA,668000,2021,0,82,1018481.3333333334,12,8.05120303301255
San Jose,CA,668000,2022,0,48,1017194.6666666666,12,4.718860762148445
San Jose,CA,668000,2023,0,32,1008489,12,3.1730638608849477
San Jose,CA,668000,2024,0,30,1008489,12,2.9747473695796387
San Jose,CA,668000,2025,0,16,1008489,9,1.5865319304424739
Santa Ana,CA,669000,2018,0,26,333175.8333333333,12,7.80368724222195
Santa Ana,CA,669000,2019,0,16,332709.6666666667,12,4.808997634574288
Santa Ana,CA,669000,2020,0,20,323997,12,6.172896662623419
Santa Ana,CA,669000,2021,0,23,317692.75,12,7.239699363614688
Santa Ana,CA,669000,2022,0,20,313659,12,6.376351387972288
Santa Ana,CA,669000,2023,0,6,303480,12,1.9770660340055357
Santa Ana,CA,669000,2024,0,15,303480,12,4.942665085013839
Santa Ana,CA,669000,2025,0,9,303480,9,2.9655990510083035
Scottsdale,AZ,465000,2018,0,5,248123.33333333334,12,2.0151268858229106
Scottsdale,AZ,465000,2019,0,5,252615.41666666666,12,1.9792932933296168
Scottsdale,AZ,465000,2020,0,10,247519.58333333334,12,4.040084370428602
Scottsdale,AZ,465000,2021,0,4,246022.91666666666,12,1.6258647991802933
Scottsdale,AZ,465000,2022,0,7,247219.58333333334,12,2.831490897936551
Scottsdale,AZ,465000,2023,0,8,238385,12,3.3559158504100512
Scottsdale,AZ,465000,2024,0,4,238385,12,1.6779579252050256
Scottsdale,AZ,465000,2025,0,8,238385,9,3.3559158504100512
Seattle,WA,5363000,2018,0,66,715918.9166666666,12,9.218921090575085
Seattle,WA,5363000,2019,0,87,732071.9166666666,12,11.88407832882539
Seattle,WA,5363000,2020,0,90,734285.75,12,12.256808742373115
Seattle,WA,5363000,2021,0,139,741683.6666666666,12,18.74114346143077
Seattle,WA,5363000,2022,0,172,753189.75,12,22.83621092825546
Seattle,WA,5363000,2023,0,190,744958,12,25.504793558831505
Seattle,WA,5363000,2024,0,171,744958,12,22.954314202948353
Seattle,WA,5363000,2025,0,100,744958,9,13.423575557279738
Spokane,WA,5367000,2018,0,18,215972.25,12,8.334404072745457
Spokane,WA,5367000,2019,0,20,218192.66666666666,12,9.166210902291247
Spokane,WA,5367000,2020,0,32,222175.16666666666,12,14.403049845804851
Spokane,WA,5367000,2021,0,22,225635.66666666666,12,9.7502315679997409
Spokane,WA,5367000,2022,0,44,228539.16666666666,12,19.25271744084712
Spokane,WA,5367000,2023,0,30,232073,12,12.926966945745521
Spokane,WA,5367000,2024,0,36,232073,12,15.512360334894623
Spokane,WA,5367000,2025,0,13,232073,9,5.601685676489725
St. Louis,MO,2965000,2018,0,573,309852.6666666667,12,184.92659952364457
St. Louis,MO,2965000,2019,0,628,306585.8333333333,12,204.83660095188134
St. Louis,MO,2965000,2020,0,826,303828.0833333333,12,271.8642697336789
St. Louis,MO,2965000,2021,0,555,300899.5833333333,12,184.4469154299815
St. Louis,MO,2965000,2022,0,532,297788.0833333333,12,178.6505336429122
St. Louis,MO,2965000,2023,0,394,296747,12,132.7730356161983
St. Louis,MO,2965000,2024,0,437,296747,12,147.26349381796612
St. Louis,MO,2965000,2025,0,228,296747,9,76.83312720937364
St. Paul,MN,2758000,2018,0,61,303579.0833333333,12,20.09361097286841
St. Paul,MN,2758000,2019,0,73,305156.5833333333,12,23.922144887911372
St. Paul,MN,2758000,2020,0,122,307652.5833333333,12,39.65511964117534
St. Paul,MN,2758000,2021,0,143,310022.3333333333,12,46.12570922309899
St. Paul,MN,2758000,2022,0,130,312118.5833333333,12,41.65083623398479
St. Paul,MN,2758000,2023,0,99,314217,12,31.506888551542406
St. Paul,MN,2758000,2024,0,88,314217,12,28.006123156926584
St. Paul,MN,2758000,2025,0,51,314217,9,16.230821375036996
St. Petersburg,FL,1263000,2018,0,22,260093.75,12,8.458488525771958
St. Petersburg,FL,1263000,2019,0,34,262558.5833333333,12,12.949490954875786
St. Petersburg,FL,1263000,2020,0,30,261362.83333333334,12,11.478296136214215
St. Petersburg,FL,1263000,2021,0,56,261391,12,21.423843973204892
St. Petersburg,FL,1263000,2022,0,28,262470.8333333333,12,10.667851983553728
St. Petersburg,FL,1263000,2023,0,29,259353,12,11.181671312843884
St. Petersburg,FL,1263000,2024,0,40,259353,12,15.422994914267425
St. Petersburg,FL,1263000,2025,0,15,259353,9,5.783623092850285
Stockton,CA,675000,2018,0,103,307632.75,12,33.48148075911944
Stockton,CA,675000,2019,0,134,310087.3333333333,12,43.21363228853807
Stockton,CA,675000,2020,0,137,314180.75,12,43.60547232763306
Stockton,CA,675000,2021,0,96,317824.8333333333,12,30.20531749931435
Stockton,CA,675000,2022,0,131,320910.75,12,40.82131869998123
Stockton,CA,675000,2023,0,217,324548,12,66.86222068846519
Stockton,CA,675000,2024,0,177,324548,12,54.53738738183566
Stockton,CA,675000,2025,0,112,324548,9,34.50953325856268
Tampa,FL,1271000,2018,0,40,381648.3333333333,12,10.480852792055515
Tampa,FL,1271000,2019,0,48,391580.8333333333,12,12.258005477796198
Tampa,FL,1271000,2020,0,93,388837.1666666667,12,23.91746673736178
Tampa,FL,1271000,2021,0,77,390389.75,12,19.723878508593014
Tampa,FL,1271000,2022,0,76,395031.1666666667,12,19.238988316111765
Tampa,FL,1271000,2023,0,76,386670,12,19.655002974112293
Tampa,FL,1271000,2024,0,88,386670,12,22.75842449634055
Tampa,FL,1271000,2025,0,45,386670,9,11.637830708355962
Toledo,OH,3977000,2018,0,162,277469.25,12,58.38484805072994
Toledo,OH,3977000,2019,0,140,275927.4166666667,12,50.73798091225077
Toledo,OH,3977000,2020,0,243,273437.5833333333,12,88.86854434482458
Toledo,OH,3977000,2021,0,254,271299.0833333333,12,93.62361157996295
Toledo,OH,3977000,2022,0,272,269437.5833333333,12,100.95102421680224
Toledo,OH,3977000,2023,0,199,267454,12,74.40531829772596
Toledo,OH,3977000,2024,0,172,267454,12,64.3101243578335
Toledo,OH,3977000,2025,0,115,267454,9,42.99804826250495
Tucson,AZ,477000,2018,0,58,540254.5833333334,12,10.735679398061562
Tucson,AZ,477000,2019,0,55,543250.25,12,10.124247526807396
Tucson,AZ,477000,2020,0,85,542052.3333333334,12,15.681142718691982
Tucson,AZ,477000,2021,0,109,543119.25,12,20.069257350020276
Tucson,AZ,477000,2022,0,109,545684.3333333334,12,19.974918344122027
Tucson,AZ,477000,2023,0,101,541799,12,18.641599559984424
Tucson,AZ,477000,2024,0,139,541799,12,25.65527068156272
Tucson,AZ,477000,2025,0,74,541799,9,13.65820165781037
Tulsa,OK,4075000,2018,0,177,402269.25,12,44.00038034227075
Tulsa,OK,4075000,2019,0,141,402377.6666666667,12,35.04170625771973
Tulsa,OK,4075000,2020,0,154,406204.3333333333,12,37.91195400016248
Tulsa,OK,4075000,2021,0,156,409019.8333333333,12,38.1399597982005
Tulsa,OK,4075000,2022,0,109,410854.3333333333,12,26.530084060611912
Tulsa,OK,4075000,2023,0,115,415302,12,27.690692556260263
Tulsa,OK,4075000,2024,0,108,415302,12,26.005172139792247
Tulsa,OK,4075000,2025,0,96,415302,9,23.115708568704218
Urban Honolulu CDP,N/A,1571550,2018,0,6,349536.4166666667,12,1.7165593379993547
Urban Honolulu CDP,N/A,1571550,2019,0,15,348158.1666666667,12,4.3083866575967145
Urban Honolulu CDP,N/A,1571550,2020,0,13,349185.25,12,3.7229522151923655
Urban Honolulu CDP,N/A,1571550,2021,0,17,349725.75,12,4.860951760057702
Urban Honolulu CDP,N/A,1571550,2022,0,16,349569.25,12,4.577061626558972
Urban Honolulu CDP,N/A,1571550,2023,0,16,351938,12,4.546255306332365
Urban Honolulu CDP,N/A,1571550,2024,0,15,351938,12,4.262114349686592
Urban Honolulu CDP,N/A,1571550,2025,0,16,351938,9,4.546255306332365
Virginia Beach,VA,5182000,2018,0,65,450165.25,12,14.439142070606293
Virginia Beach,VA,5182000,2019,0,58,450513.1666666667,12,12.87420752408642
Virginia Beach,VA,5182000,2020,0,82,453987.6666666667,12,18.06216468435633
Virginia Beach,VA,5182000,2021,0,57,456294,12,12.491945982195691
Virginia Beach,VA,5182000,2022,0,60,457787.6666666667,12,13.106512990374721
Virginia Beach,VA,5182000,2023,0,68,461458,12,14.735902292299624
Virginia Beach,VA,5182000,2024,0,30,461458,12,6.501133364249834
Virginia Beach,VA,5182000,2025,0,30,461458,9,6.501133364249834
Washington,DC,1150000,2018,0,477,688249.4166666666,12,69.30627014697797
Washington,DC,1150000,2019,0,525,696941.3333333334,12,75.32915252551147
Washington,DC,1150000,2020,0,812,693348.1666666666,12,117.11287907542363
Washington,DC,1150000,2021,0,914,694246.5833333334,12,131.65351071827382
Washington,DC,1150000,2022,0,858,698730.1666666666,12,122.79418306685389
Washington,DC,1150000,2023,0,949,688536,12,137.82866836301952
Washington,DC,1150000,2024,0,683,688536,12,99.19597522860097
Washington,DC,1150000,2025,0,340,688536,9,49.380134081587606
Wichita,KS,2079000,2018,0,114,389706.9166666667,12,29.25275254929826
Wichita,KS,2079000,2019,0,109,390192.75,12,27.934911655841887
Wichita,KS,2079000,2020,0,121,392403,12,30.83564600678384
Wichita,KS,2079000,2021,0,138,394002,12,35.025202917751685
Wichita,KS,2079000,2022,0,79,395163,12,19.991750239774472
Wichita,KS,2079000,2023,0,117,397334,12,29.44625931835685
Wichita,KS,2079000,2024,0,120,397334,12,30.201291608571125
Wichita,KS,2079000,2025,0,72,397334,9,18.120774965142676
Winston-Salem,NC,3775000,2018,0,81,243037.08333333334,12,33.328247232503955
Winston-Salem,NC,3775000,2019,0,106,244881.33333333334,12,43.28627199024289
Winston-Salem,NC,3775000,2020,0,111,246763.25,12,44.982386964023206
Winston-Salem,NC,3775000,2021,0,177,248710.83333333334,12,71.16698441630675
Winston-Salem,NC,3775000,2022,0,170,250625.25,12,67.83035627894635
Winston-Salem,NC,3775000,2023,0,175,251779,12,69.50539957661283
Winston-Salem,NC,3775000,2024,0,62,251779,12,24.624770135714257
Winston-Salem,NC,3775000,2025,0,64,251779,9,25.419117559446974
