dropped_id,dropped_city,estimate,std.error,p.value,conf.low,conf.high
2965000,"St. Louis, MO",-0.6716227738679985,1.5879240993726,0.6732729739894989,-3.823627199011036,2.4803816512750396
2404000,"Baltimore, MD",-0.40103067222967986,1.6960886255402818,0.8135916031099569,-3.7677399848788267,2.965678640419467
2622000,"Detroit, MI",-0.3455361061166387,1.7120315068624294,0.840478161001469,-3.7438917880707128,3.0528195758374355
3611000,"Buffalo, NY",-0.2441471138577303,1.7361017147624598,0.8884572989977415,-3.6902817808684487,3.201987553152988
3451000,"Newark, NJ",-0.23368101486934062,1.7382229472016582,0.8933386861011859,-3.68402629499296,3.2166642652542787
4260000,"Philadelphia, PA",-0.217401913792861,1.741389309608896,0.9009081486620232,-3.674032373619442,3.23922854603372
1714000,"Chicago, IL",-0.18489849921377277,1.747230052049129,0.9159429745376005,-3.6531227411518596,3.2833257427243145
2255000,"New Orleans, LA",-0.17306440813784918,1.7491983129739623,0.9213927901259394,-3.645195617132713,3.2990668008570143
5157000,"Norfolk, VA",-0.11814109844687376,1.757237346101506,0.946537506150444,-3.606229662079721,3.3699474651859735
665000,"San Bernardino, CA",-0.04567008710719181,1.7651152490296558,0.9794117742805544,-3.5493961644601137,3.4580559902457297
653000,"Oakland, CA",-0.03419406908123606,1.7660804960995808,0.984592861692418,-3.539836146724702,3.4714480085622297
627000,"Fresno, CA",-0.022216466556466235,1.7670060451851786,0.9899945990383019,-3.5296957446143873,3.485262811501455
3436000,"Jersey City, NJ",-0.020028280961319696,1.7671661082765948,0.990980841610644,-3.5278252817445557,3.4877687198219167
3728000,"Greensboro, NC",0.01072646716637478,1.7691213161453943,0.9951749089773778,-3.5009515905621935,3.5224045248949434
603526,"Bakersfield, CA",0.02250576512377629,1.7697247864521202,0.9898798878004256,-3.490370171696113,3.535381701943665
1235000,"Jacksonville, FL",0.02926578524043303,1.7700347995931687,0.9868426784040123,-3.484225522800803,3.5427570932816694
4261000,"Pittsburgh, PA",0.030199146337370256,1.7700755238699473,0.9864234104440104,-3.4833729987543696,3.54377129142911
2146027,"Lexington-Fayette, KY",0.03169215034839519,1.7701396175800648,0.985752789230465,-3.4820072197523952,3.5453915204491855
4075000,"Tulsa, OK",0.040939071871232885,1.7705078368406608,0.9816003253385559,-3.473491207685041,3.5553693514275064
3977000,"Toledo, OH",0.0481028197552167,1.770759088252306,0.978384454759802,-3.466826189911421,3.5630318294218544
1253000,"Orlando, FL",0.05227108831300112,1.7708916195109847,0.9765136812441573,-3.4629209938229,3.567463170448902
2507000,"Boston, MA",0.05620886529190037,1.7710075932406544,0.9747466013327724,-3.459213422877944,3.571631153461744
3137000,"Omaha, NE",0.056902479459960784,1.7710270926056777,0.9744353648963769,-3.4585585146435394,3.5723634735634606
1825000,"Fort Wayne, IN",0.07262666632617515,1.7713945347468927,0.9673812743383514,-3.4435636946630286,3.588817027315379
2938000,"Kansas City, MO",0.07461574322135778,1.771430835527573,0.9664891356071932,-3.4416466742479925,3.5908781606907083
3775000,"Winston-Salem, NC",0.08369399213784327,1.7715674932228846,0.9624177756326213,-3.4328396887127495,3.600227672988436
2758000,"St. Paul, MN",0.08726217600022403,1.7716081736748972,0.9608176877958674,-3.429352254909399,3.6038766069098473
4835000,"Houston, TX",0.08774600105413205,1.7716131235586074,0.9606007304306553,-3.428878255297,3.604370257405264
5182000,"Virginia Beach, VA",0.0977260174041457,1.7716850711590502,0.9561256896287004,-3.419041053805117,3.6144930886134086
3719000,"Durham, NC",0.09902421877924333,1.7716902024230452,0.9555435968414709,-3.4177530379085477,3.615801475467034
4845000,"Lubbock, TX",0.10045534051380577,1.7716947312583726,0.9549019078340478,-3.4163309058410594,3.617241586868671
4159000,"Portland, OR",0.10354520891614728,1.7717004758364285,0.9535164742189521,-3.413252440336035,3.62034285816833
4055000,"Oklahoma City, OK",0.10356711378589589,1.77170049688026,0.9535066525450796,-3.4132305772379623,3.620364804809754
662000,"Riverside, CA",0.10479279066821369,1.7717012328673618,0.9529570854484609,-3.4120063612784945,3.621591942614922
3918000,"Columbus, OH",0.10944841706806292,1.7716961226090722,0.9508695974247066,-3.407340591096113,3.6262374252322385
4752006,"Nashville-Davidson, TN",0.11042941368181987,1.7716934492581964,0.9504297355681401,-3.406354287922808,3.6272131152864477
668000,"San Jose, CA",0.11083128920019698,1.7716921936290841,0.9502495410986497,-3.4059499200003422,3.627612498400736
669000,"Santa Ana, CA",0.1109961771167678,1.771691651466307,0.9501756079444239,-3.4057839558991643,3.6277763101327003
1245000,"Miami, FL",0.11299277984340587,1.7716838404089137,0.9492803581639927,-3.4037718483461443,3.6297574080329564
667000,"San Francisco, CA",0.11478254768374674,1.771674881806578,0.9484778420666252,-3.401964297820714,3.6315293931882073
666000,"San Diego, CA",0.11629454904366607,1.771665872054141,0.9477998666047267,-3.4004344122435564,3.6330235103308883
820000,"Denver, CO",0.11680326897630534,1.7716625438522489,0.9475717568728035,-3.399919085882376,3.6335256238349865
2079000,"Wichita, KS",0.11743434258131558,1.771658207477809,0.9472887825296271,-3.3992794046421335,3.6341480898047647
3128000,"Lincoln, NE",0.11839788473680922,1.7716511429061144,0.946856725873535,-3.3983018394226585,3.6350976088962765
5548000,"Madison, WI",0.11854190080930843,1.7716500409397178,0.9467921480992176,-3.39815563596415,3.635239437582767
3663000,"Rochester, NY",0.1196619016148858,1.7716410622442778,0.9462899292497805,-3.3970178125889863,3.6363416158187576
4805000,"Austin, TX",0.12221021260678991,1.7716179338664564,0.945147221422084,-3.394423592129956,3.6388440173435357
4804000,"Arlington, TX",0.12330447082580528,1.771606851402248,0.9446565266217981,-3.393307335393354,3.6399162770449642
3240000,"Las Vegas, NV",0.12469333449924767,1.771591789304685,0.9440337133048661,-3.3918885736925506,3.6412752426910457
816000,"Colorado Springs, CO",0.12497561064296304,1.7715885918199903,0.94390712979633,-3.3915999505918797,3.6415511718778055
4827000,"Fort Worth, TX",0.12593558305462882,1.7715773733388251,0.9434766375436793,-3.390617709671102,3.6424888757803595
3231900,"Henderson, NV",0.12775363969044096,1.7715546684756474,0.9426613280002991,-3.3887545842380864,3.644261863618968
1263000,"St. Petersburg, FL",0.12863935772097543,1.7715429155365112,0.9422641187326084,-3.387845536807753,3.6451242522497034
602000,"Anaheim, CA",0.1287319488356981,1.7715416607477212,0.9422225949888698,-3.3877504549569672,3.6452143526283636
1230000,"Hialeah, FL",0.13097187317980827,1.7715097964754487,0.9412180514445101,-3.3854472805322984,3.6473910268919147
4817000,"Corpus Christi, TX",0.13324024355441075,1.7714745738622462,0.9402007111045811,-3.383108993823078,3.6495894809318994
203000,"Anchorage, AK",0.13349013914906405,1.771470511787189,0.9400886329698583,-3.382851035073164,3.649831313371292
613392,"Chula Vista, CA",0.13570719060604466,1.7714328935930388,0.9390942620600483,-3.380559312090967,3.6519736933030567
4829000,"Garland, TX",0.13611794142136993,1.771425612323252,0.9389100311717826,-3.380134108069347,3.652369990912087
626000,"Fremont, CA",0.13803269211974392,1.771390383773859,0.9380512019501751,-3.37814942925311,3.6542148134925982
3251800,"North Las Vegas, NV",0.14053870306919802,1.771341076495687,0.9369271183001014,-3.3755455441300413,3.656622950268437
446000,"Mesa, AZ",0.14217301761740841,1.7713069654603153,0.9361940030583611,-3.373843519711768,3.6581895549465853
4858016,"Plano, TX",0.14393014197685428,1.7712685694047419,0.9354057653745644,-3.3720101797843847,3.6598704637380934
4837000,"Irving, TX",0.14396829431836142,1.7712677159228305,0.9353886500255962,-3.3719703332946733,3.659906921931396
4819000,"Dallas, TX",0.1442434010060307,1.7712615367838458,0.9352652351635999,-3.371682961113061,3.660169763125122
3260600,"Reno, NV",0.14432735579857248,1.7712596423748297,0.9352275722579675,-3.3715952459483423,3.660249957545487
465000,"Scottsdale, AZ",0.14502767623130497,1.7712436811972214,0.9349133987450791,-3.370863242828464,3.660918595291074
5116000,"Chesapeake, VA",0.1489736978662288,1.771148448312926,0.9331430469320618,-3.366728185412273,3.66467558114473
4824000,"El Paso, TX",0.15069428329469572,1.7711041062199806,0.9323710573989101,-3.364919581624969,3.6663081482143607
5367000,"Spokane, WA",0.1515516101537211,1.771081372838495,0.9319863785203739,-3.364017129360347,3.6671203496677895
1571550,"Urban Honolulu CDP, N/A",0.15282852358938287,1.7710467257559452,0.9314134141520454,-3.362671442009384,3.66832848918815
1836003,"Indianapolis, IN",0.1562792644395477,1.7709483794632042,0.9298649138062974,-3.3590254853110317,3.671584014190127
804000,"Aurora, CO",0.15891930973309595,1.770868489363508,0.9286800874244148,-3.3562268594229403,3.6740654788891325
664000,"Sacramento, CA",0.16040990593746354,1.7708216023718593,0.9280110738651742,-3.3546431932757357,3.675463005150663
1150000,"Washington, DC",0.16715808221081052,1.7705932590961937,0.9249818698634611,-3.3474417591825505,3.681757923604172
4865000,"San Antonio, TX",0.16776902550147121,1.7705712857089193,0.9247075823172859,-3.34678719906288,3.682325250065822
1271000,"Tampa, FL",0.1721148167223038,1.7704087515824054,0.9227563037521127,-3.34211878015083,3.686348413595437
455000,"Phoenix, AZ",0.17712101171189518,1.7702079704253344,0.9205080367123909,-3.3367140377144033,3.6909560611381935
3755000,"Raleigh, NC",0.17820923707578282,1.7701624058901215,0.9200192488221055,-3.335535367462956,3.691953841614522
427820,"Glendale, AZ",0.1816924271637381,1.770011953205831,0.9184545637671173,-3.3317535311570574,3.6951383854845337
3502000,"Albuquerque, NM",0.18699108915766238,1.7697696086790333,0.9160738204021077,-3.3259738190794566,3.6999559973947815
2205000,"Baton Rouge, LA",0.18954881527646472,1.769646805603128,0.9149243679156431,-3.3231723307815755,3.702269961334505
4841464,"Laredo, TX",0.19676721504931316,1.769279782454184,0.9116794955348344,-3.3152253958161078,3.7087598259147336
477000,"Tucson, AZ",0.20180783411912412,1.7690055757341974,0.9094127685217654,-3.3096404807090094,3.7132561489472575
2148006,"Louisville/Jefferson County, KY",0.2053218747176086,1.7688056949384243,0.9078321059140425,-3.3057296798667406,3.716373429301958
2743000,"Minneapolis, MN",0.20615628442582565,1.7687571805033029,0.9074567241426639,-3.3047989697659252,3.7171115386175764
643000,"Long Beach, CA",0.2114215242573427,1.7684417270203725,0.9050875285509062,-3.2989075597197766,3.7217506082344616
5363000,"Seattle, WA",0.2202828212756918,1.7678744765572536,0.9010982354110928,-3.2889202794314323,3.7294859219828163
3915000,"Cincinnati, OH",0.22134976141612092,1.7678030995258627,0.9006177308271015,-3.287711657003489,3.730411179835731
644000,"Los Angeles, CA",0.24179481791544616,1.7663074204446845,0.8914021915770864,-3.264297700992953,3.7478873368238452
5553000,"Milwaukee, WI",0.2518065087554187,1.7654861936788986,0.8868834674349262,-3.252655887906693,3.7562689054175307
3712000,"Charlotte, NC",0.2650869454036559,1.764306566789262,0.8808826660733158,-3.237033910389077,3.7672078011963888
107000,"Birmingham, AL",0.3041999493065282,1.7602323421901627,0.8631582741878961,-3.1898336345753737,3.79823353318843
675000,"Stockton, CA",0.31495298027985713,1.7589546572350911,0.8582703797072265,-3.17654441901116,3.806450379570874
3916000,"Cleveland, OH",0.48308116774850085,1.7299851413758567,0.7806612942534803,-2.9509121970495347,3.917074532546536
4748000,"Memphis, TN",0.5593726345442969,1.7111127864636078,0.7444508638919503,-2.8371594018314408,3.9559046709200345
1304000,"Atlanta, GA",0.945494389055118,1.5545278402880751,0.544478129649816,-2.140218985741599,4.031207763851835
